episode,reward,waiting_time,steps,avg_queue
1,-1221,13.515,200,13.515
2,-1281,12.285,200,12.285
3,-1162,9.92,200,9.92
4,-1337,14.775,200,14.775
5,-1196,10.825,200,10.825
6,-914,7.27,200,7.27
7,-963,7.6,200,7.6
8,-986,8.475,200,8.475
9,-727,5.695,200,5.695
10,-764,5.99,200,5.99
11,-859,8.005,200,8.005
12,-689,5.465,200,5.465
13,-684,5.44,200,5.44
14,-722,5.77,200,5.77
15,-785,5.96,200,5.96
16,-707,5.34,200,5.34
17,-553,6.19,200,6.19
18,-506,6.78,200,6.78
19,-594,6.645,200,6.645
20,-592,5.11,200,5.11
21,-634,5.765,200,5.765
22,-523,6.595,200,6.595
23,-479,7.05,200,7.05
24,-611,5.845,200,5.845
25,-558,10.73,200,10.73
26,-486,9.83,200,9.83
27,-507,9.8,200,9.8
28,-490,6.525,200,6.525
29,-495,5.57,200,5.57
30,-470,10.345,200,10.345
31,-514,19.715,200,19.715
32,-585,19.27,200,19.27
33,-513,22.095,200,22.095
34,-462,25.995,200,25.995
35,-292,28.87,200,28.87
36,-324,21.005,200,21.005
37,-312,29.305,200,29.305
38,-338,29.025,200,29.025
39,-165,33.585,200,33.585
40,-230,29.38,200,29.38
41,-192,31.69,200,31.69
42,-168,33.49,200,33.49
43,-120,33.185,200,33.185
44,-230,33.045,200,33.045
45,-104,33.95,200,33.95
46,-258,31.67,200,31.67
47,-104,33.935,200,33.935
48,-168,33.775,200,33.775
49,-166,33.47,200,33.47
50,-224,33.03,200,33.03
51,-104,33.94,200,33.94
52,-42,34.4,200,34.4
53,-99,33.98,200,33.98
54,-158,33.0,200,33.0
55,-164,33.5,200,33.5
56,-106,33.935,200,33.935
57,-42,34.4,200,34.4
58,-42,34.4,200,34.4
59,-42,34.4,200,34.4
60,-64,32.915,200,32.915
61,-68,32.575,200,32.575
62,-42,34.4,200,34.4
63,-42,34.4,200,34.4
64,-105,34.445,200,34.445
65,-58,34.185,200,34.185
66,-58,34.185,200,34.185
67,-58,34.185,200,34.185
68,-42,34.4,200,34.4
69,-42,34.4,200,34.4
70,-42,34.4,200,34.4
71,-42,34.4,200,34.4
72,-50,34.285,200,34.285
73,-42,34.4,200,34.4
74,-42,34.4,200,34.4
75,-42,34.4,200,34.4
76,-50,34.285,200,34.285
77,-42,34.4,200,34.4
78,-42,34.4,200,34.4
79,-42,34.4,200,34.4
80,-108,34.03,200,34.03
81,-42,34.4,200,34.4
82,-42,34.4,200,34.4
83,-42,34.4,200,34.4
84,-42,34.4,200,34.4
85,-42,34.4,200,34.4
86,-42,34.4,200,34.4
87,-42,34.4,200,34.4
88,-42,34.4,200,34.4
89,-50,34.285,200,34.285
90,-42,34.4,200,34.4
91,-42,34.4,200,34.4
92,-42,34.4,200,34.4
93,-42,34.4,200,34.4
94,-42,34.4,200,34.4
95,-42,34.4,200,34.4
96,-42,34.4,200,34.4
97,-42,34.4,200,34.4
98,-42,34.4,200,34.4
99,-42,34.4,200,34.4
100,-42,34.4,200,34.4
101,-42,34.4,200,34.4
102,-50,34.285,200,34.285
103,-38,37.065,200,37.065
104,-42,34.4,200,34.4
105,-42,34.4,200,34.4
106,-50,34.285,200,34.285
107,-42,34.4,200,34.4
108,-42,34.4,200,34.4
109,-168,33.58,200,33.58
110,-42,34.4,200,34.4
111,-100,36.585,200,36.585
112,-108,34.075,200,34.075
113,-108,34.11,200,34.11
114,-96,33.77,200,33.77
115,-38,37.065,200,37.065
116,-50,34.285,200,34.285
117,-102,33.965,200,33.965
118,-110,35.86,200,35.86
119,-38,37.065,200,37.065
120,-42,34.4,200,34.4
121,-122,34.47,200,34.47
122,-38,37.065,200,37.065
123,-50,34.285,200,34.285
124,-38,37.065,200,37.065
125,-38,37.065,200,37.065
126,-38,37.065,200,37.065
127,-50,34.285,200,34.285
128,-99,34.19,200,34.19
129,-38,37.065,200,37.065
130,-50,34.285,200,34.285
131,-42,34.4,200,34.4
132,-42,34.4,200,34.4
133,-38,37.065,200,37.065
134,-42,34.4,200,34.4
135,-42,34.4,200,34.4
136,-42,34.4,200,34.4
137,-42,34.4,200,34.4
138,-42,34.4,200,34.4
139,-42,34.4,200,34.4
140,-42,34.4,200,34.4
141,-38,37.065,200,37.065
142,-42,34.4,200,34.4
143,-50,34.285,200,34.285
144,-38,37.065,200,37.065
145,-38,37.065,200,37.065
146,-58,34.185,200,34.185
147,-50,34.285,200,34.285
148,-42,34.4,200,34.4
149,-42,34.4,200,34.4
150,-42,34.4,200,34.4
151,-42,34.4,200,34.4
152,-42,34.4,200,34.4
153,-42,34.4,200,34.4
154,-42,34.4,200,34.4
155,-42,34.4,200,34.4
156,-38,37.065,200,37.065
157,-42,34.4,200,34.4
158,-38,37.065,200,37.065
159,-42,34.4,200,34.4
160,-38,37.065,200,37.065
161,-42,34.4,200,34.4
162,-94,33.78,200,33.78
163,-42,34.4,200,34.4
164,-38,37.065,200,37.065
165,-50,34.285,200,34.285
166,-42,34.4,200,34.4
167,-42,34.4,200,34.4
168,-50,34.285,200,34.285
169,-42,34.4,200,34.4
170,-42,34.4,200,34.4
171,-50,34.285,200,34.285
172,-42,34.4,200,34.4
173,-42,34.4,200,34.4
174,-42,34.4,200,34.4
175,-42,34.4,200,34.4
176,-100,33.855,200,33.855
177,-42,34.4,200,34.4
178,-42,34.4,200,34.4
179,-42,34.4,200,34.4
180,-42,34.4,200,34.4
181,-42,34.4,200,34.4
182,-38,37.065,200,37.065
183,-42,34.4,200,34.4
184,-50,34.285,200,34.285
185,-38,37.065,200,37.065
186,-50,34.285,200,34.285
187,-42,34.4,200,34.4
188,-42,34.4,200,34.4
189,-50,34.285,200,34.285
190,-42,34.4,200,34.4
191,-38,37.065,200,37.065
192,-42,34.4,200,34.4
193,-38,37.065,200,37.065
194,-42,34.4,200,34.4
195,-38,37.065,200,37.065
196,-38,37.065,200,37.065
197,-42,34.4,200,34.4
198,-42,36.485,200,36.485
199,-42,34.4,200,34.4
200,-42,34.4,200,34.4
201,-42,34.4,200,34.4
202,-42,34.4,200,34.4
203,-50,34.285,200,34.285
204,-42,34.4,200,34.4
205,-42,34.4,200,34.4
206,-42,34.4,200,34.4
207,-42,34.4,200,34.4
208,-42,34.4,200,34.4
209,-38,37.065,200,37.065
210,-38,37.065,200,37.065
211,-42,34.4,200,34.4
212,-108,34.085,200,34.085
213,-42,34.4,200,34.4
214,-50,34.285,200,34.285
215,-42,34.4,200,34.4
216,-50,34.285,200,34.285
217,-42,34.4,200,34.4
218,-42,34.4,200,34.4
219,-42,34.4,200,34.4
220,-42,34.4,200,34.4
221,-42,34.4,200,34.4
222,-42,34.4,200,34.4
223,-42,34.4,200,34.4
224,-42,34.4,200,34.4
225,-42,34.4,200,34.4
226,-42,34.4,200,34.4
227,-42,34.4,200,34.4
228,-42,34.4,200,34.4
229,-42,34.4,200,34.4
230,-42,34.4,200,34.4
231,-42,34.4,200,34.4
232,-42,34.4,200,34.4
233,-42,34.4,200,34.4
234,-42,34.4,200,34.4
235,-42,34.4,200,34.4
236,-50,34.285,200,34.285
237,-42,34.4,200,34.4
238,-42,34.4,200,34.4
239,-42,34.4,200,34.4
240,-42,34.4,200,34.4
241,-42,34.4,200,34.4
242,-42,34.4,200,34.4
243,-42,34.4,200,34.4
244,-42,34.4,200,34.4
245,-50,34.285,200,34.285
246,-42,34.4,200,34.4
247,-42,34.4,200,34.4
248,-42,34.4,200,34.4
249,-42,34.4,200,34.4
250,-42,34.4,200,34.4
251,-42,34.4,200,34.4
252,-42,34.4,200,34.4
253,-42,34.4,200,34.4
254,-42,34.4,200,34.4
255,-42,34.4,200,34.4
256,-42,34.4,200,34.4
257,-42,34.4,200,34.4
258,-42,34.4,200,34.4
259,-42,34.4,200,34.4
260,-42,34.4,200,34.4
261,-42,34.4,200,34.4
262,-42,34.4,200,34.4
263,-38,37.065,200,37.065
264,-38,37.065,200,37.065
265,-38,37.065,200,37.065
266,-42,34.4,200,34.4
267,-42,34.4,200,34.4
268,-50,34.285,200,34.285
269,-42,34.4,200,34.4
270,-42,34.4,200,34.4
271,-42,34.4,200,34.4
272,-42,34.4,200,34.4
273,-42,34.4,200,34.4
274,-42,34.4,200,34.4
275,-38,37.065,200,37.065
276,-42,34.4,200,34.4
277,-216,32.53,200,32.53
278,-38,37.065,200,37.065
279,-124,35.28,200,35.28
280,-80,35.975,200,35.975
281,-42,36.365,200,36.365
282,-100,36.58,200,36.58
283,-108,36.41,200,36.41
284,-76,35.145,200,35.145
285,-98,36.605,200,36.605
286,-38,37.065,200,37.065
287,-234,34.945,200,34.945
288,-140,33.525,200,33.525
289,-38,37.065,200,37.065
290,-98,36.61,200,36.61
291,-104,36.02,200,36.02
292,-158,36.105,200,36.105
293,-42,36.485,200,36.485
294,-38,37.065,200,37.065
295,-38,37.065,200,37.065
296,-100,36.6,200,36.6
297,-114,35.905,200,35.905
298,-38,37.065,200,37.065
299,-42,36.365,200,36.365
300,-38,37.065,200,37.065
301,-38,37.065,200,37.065
302,-50,36.39,200,36.39
303,-38,37.065,200,37.065
304,-98,36.595,200,36.595
305,-38,37.065,200,37.065
306,-42,36.365,200,36.365
307,-38,37.065,200,37.065
308,-42,36.365,200,36.365
309,-38,37.065,200,37.065
310,-42,36.365,200,36.365
311,-38,37.065,200,37.065
312,-38,37.065,200,37.065
313,-114,35.54,200,35.54
314,-42,36.485,200,36.485
315,-38,37.065,200,37.065
316,-38,37.065,200,37.065
317,-38,37.065,200,37.065
318,-52,36.025,200,36.025
319,-38,37.065,200,37.065
320,-42,34.4,200,34.4
321,-38,37.065,200,37.065
322,-38,37.065,200,37.065
323,-92,33.83,200,33.83
324,-38,37.065,200,37.065
325,-38,37.065,200,37.065
326,-38,37.065,200,37.065
327,-58,36.4,200,36.4
328,-58,36.4,200,36.4
329,-42,36.365,200,36.365
330,-52,36.185,200,36.185
331,-38,37.065,200,37.065
332,-38,37.065,200,37.065
333,-38,37.065,200,37.065
334,-38,37.065,200,37.065
335,-38,37.065,200,37.065
336,-38,37.065,200,37.065
337,-42,36.485,200,36.485
338,-102,36.57,200,36.57
339,-38,37.065,200,37.065
340,-38,37.065,200,37.065
341,-96,36.615,200,36.615
342,-38,37.065,200,37.065
343,-38,37.065,200,37.065
344,-38,37.065,200,37.065
345,-38,37.065,200,37.065
346,-38,37.065,200,37.065
347,-38,37.065,200,37.065
348,-38,37.065,200,37.065
349,-38,37.065,200,37.065
350,-38,37.065,200,37.065
351,-38,37.065,200,37.065
352,-38,37.065,200,37.065
353,-38,37.065,200,37.065
354,-38,37.065,200,37.065
355,-38,37.065,200,37.065
356,-42,34.4,200,34.4
357,-42,34.4,200,34.4
358,-42,34.4,200,34.4
359,-94,33.805,200,33.805
360,-136,36.06,200,36.06
361,-38,37.065,200,37.065
362,-42,36.365,200,36.365
363,-38,37.065,200,37.065
364,-38,37.065,200,37.065
365,-38,37.065,200,37.065
366,-112,35.805,200,35.805
367,-38,37.065,200,37.065
368,-38,37.065,200,37.065
369,-38,37.065,200,37.065
370,-64,35.775,200,35.775
371,-42,36.365,200,36.365
372,-38,37.065,200,37.065
373,-118,35.925,200,35.925
374,-112,35.905,200,35.905
375,-42,34.4,200,34.4
376,-38,37.065,200,37.065
377,-38,37.065,200,37.065
378,-38,37.065,200,37.065
379,-38,37.065,200,37.065
380,-38,37.065,200,37.065
381,-52,36.185,200,36.185
382,-38,37.065,200,37.065
383,-38,37.065,200,37.065
384,-38,37.065,200,37.065
385,-38,37.065,200,37.065
386,-42,36.485,200,36.485
387,-38,37.065,200,37.065
388,-38,37.065,200,37.065
389,-38,37.065,200,37.065
390,-38,37.065,200,37.065
391,-38,37.065,200,37.065
392,-38,37.065,200,37.065
393,-38,37.065,200,37.065
394,-50,36.39,200,36.39
395,-42,36.485,200,36.485
396,-100,36.58,200,36.58
397,-100,36.585,200,36.585
398,-38,37.065,200,37.065
399,-42,36.485,200,36.485
400,-38,37.065,200,37.065
401,-68,34.53,200,34.53
402,-42,36.365,200,36.365
403,-86,33.45,200,33.45
404,-38,37.065,200,37.065
405,-42,36.365,200,36.365
406,-70,34.945,200,34.945
407,-42,36.365,200,36.365
408,-42,34.4,200,34.4
409,-38,37.065,200,37.065
410,-42,36.365,200,36.365
411,-38,37.065,200,37.065
412,-52,35.51,200,35.51
413,-46,36.0,200,36.0
414,-38,37.065,200,37.065
415,-38,37.065,200,37.065
416,-100,36.58,200,36.58
417,-38,37.065,200,37.065
418,-74,34.75,200,34.75
419,-38,37.065,200,37.065
420,-88,34.59,200,34.59
421,-38,37.065,200,37.065
422,-64,34.81,200,34.81
423,-84,35.095,200,35.095
424,-42,36.365,200,36.365
425,-50,35.695,200,35.695
426,-42,36.485,200,36.485
427,-38,37.065,200,37.065
428,-54,35.375,200,35.375
429,-62,35.07,200,35.07
430,-38,37.065,200,37.065
431,-42,36.16,200,36.16
432,-38,37.065,200,37.065
433,-62,35.07,200,35.07
434,-38,37.065,200,37.065
435,-52,35.51,200,35.51
436,-42,34.4,200,34.4
437,-50,34.285,200,34.285
438,-110,35.915,200,35.915
439,-42,34.4,200,34.4
440,-42,34.4,200,34.4
441,-54,33.775,200,33.775
442,-42,34.4,200,34.4
443,-50,34.285,200,34.285
444,-90,34.51,200,34.51
445,-116,35.16,200,35.16
446,-124,35.15,200,35.15
447,-42,36.16,200,36.16
448,-62,35.07,200,35.07
449,-176,34.765,200,34.765
450,-54,33.775,200,33.775
451,-42,36.365,200,36.365
452,-42,34.4,200,34.4
453,-38,37.065,200,37.065
454,-74,34.525,200,34.525
455,-50,34.285,200,34.285
456,-38,37.065,200,37.065
457,-38,37.065,200,37.065
458,-38,37.065,200,37.065
459,-38,37.065,200,37.065
460,-38,37.065,200,37.065
461,-38,37.065,200,37.065
462,-38,37.065,200,37.065
463,-42,34.4,200,34.4
464,-42,34.4,200,34.4
465,-38,37.065,200,37.065
466,-108,35.84,200,35.84
467,-42,34.4,200,34.4
468,-50,34.285,200,34.285
469,-38,37.065,200,37.065
470,-74,32.375,200,32.375
471,-42,34.4,200,34.4
472,-50,34.285,200,34.285
473,-54,35.375,200,35.375
474,-38,37.065,200,37.065
475,-38,37.065,200,37.065
476,-38,37.065,200,37.065
477,-42,34.4,200,34.4
478,-42,34.4,200,34.4
479,-62,33.175,200,33.175
480,-38,37.065,200,37.065
481,-46,36.0,200,36.0
482,-105,33.98,200,33.98
483,-42,34.4,200,34.4
484,-54,33.775,200,33.775
485,-108,34.09,200,34.09
486,-50,34.285,200,34.285
487,-42,34.4,200,34.4
488,-62,33.39,200,33.39
489,-54,33.775,200,33.775
490,-42,34.4,200,34.4
491,-42,34.4,200,34.4
492,-64,32.915,200,32.915
493,-42,34.4,200,34.4
494,-58,34.185,200,34.185
495,-42,34.4,200,34.4
496,-70,33.055,200,33.055
497,-64,35.31,200,35.31
498,-42,34.4,200,34.4
499,-42,34.4,200,34.4
500,-42,34.4,200,34.4
501,-42,34.4,200,34.4
502,-46,36.0,200,36.0
503,-50,34.285,200,34.285
504,-50,34.285,200,34.285
505,-42,34.4,200,34.4
506,-42,34.4,200,34.4
507,-42,34.4,200,34.4
508,-72,33.505,200,33.505
509,-54,35.67,200,35.67
510,-46,36.0,200,36.0
511,-72,32.565,200,32.565
512,-106,34.265,200,34.265
513,-108,35.64,200,35.64
514,-42,34.4,200,34.4
515,-42,34.4,200,34.4
516,-42,34.4,200,34.4
517,-42,34.4,200,34.4
518,-68,33.24,200,33.24
519,-42,34.4,200,34.4
520,-68,32.415,200,32.415
521,-42,34.4,200,34.4
522,-62,35.13,200,35.13
523,-42,34.4,200,34.4
524,-62,33.68,200,33.68
525,-42,34.4,200,34.4
526,-42,34.4,200,34.4
527,-42,34.4,200,34.4
528,-42,34.4,200,34.4
529,-42,34.4,200,34.4
530,-42,34.4,200,34.4
531,-42,34.4,200,34.4
532,-50,34.285,200,34.285
533,-42,34.4,200,34.4
534,-114,33.45,200,33.45
535,-170,33.06,200,33.06
536,-138,31.805,200,31.805
537,-370,20.245,200,20.245
538,-42,36.16,200,36.16
539,-154,30.54,200,30.54
540,-256,24.405,200,24.405
541,-76,35.13,200,35.13
542,-54,33.775,200,33.775
543,-142,30.98,200,30.98
544,-190,29.675,200,29.675
545,-54,35.825,200,35.825
546,-54,35.67,200,35.67
547,-54,35.67,200,35.67
548,-134,33.125,200,33.125
549,-138,30.98,200,30.98
550,-140,34.305,200,34.305
551,-122,31.855,200,31.855
552,-54,35.825,200,35.825
553,-114,34.22,200,34.22
554,-96,33.345,200,33.345
555,-80,34.185,200,34.185
556,-54,35.825,200,35.825
557,-100,33.43,200,33.43
558,-114,32.785,200,32.785
559,-146,33.69,200,33.69
560,-292,26.855,200,26.855
561,-104,34.98,200,34.98
562,-58,35.235,200,35.235
563,-136,33.345,200,33.345
564,-46,36.0,200,36.0
565,-76,35.13,200,35.13
566,-66,35.11,200,35.11
567,-62,35.89,200,35.89
568,-146,33.305,200,33.305
569,-150,33.095,200,33.095
570,-42,36.485,200,36.485
571,-38,37.065,200,37.065
572,-42,36.365,200,36.365
573,-118,35.17,200,35.17
574,-144,33.42,200,33.42
575,-62,35.89,200,35.89
576,-42,36.485,200,36.485
577,-58,36.4,200,36.4
578,-38,37.065,200,37.065
579,-38,37.065,200,37.065
580,-46,36.0,200,36.0
581,-120,31.225,200,31.225
582,-120,32.305,200,32.305
583,-42,34.4,200,34.4
584,-90,33.85,200,33.85
585,-98,33.915,200,33.915
586,-60,35.34,200,35.34
587,-62,33.175,200,33.175
588,-58,33.64,200,33.64
589,-42,34.4,200,34.4
590,-54,35.825,200,35.825
591,-38,37.065,200,37.065
592,-42,36.365,200,36.365
593,-64,33.545,200,33.545
594,-60,35.125,200,35.125
595,-56,35.45,200,35.45
596,-42,36.485,200,36.485
597,-54,35.825,200,35.825
598,-42,36.485,200,36.485
599,-124,31.65,200,31.65
600,-42,36.485,200,36.485
601,-60,35.34,200,35.34
602,-42,36.485,200,36.485
603,-38,37.065,200,37.065
604,-38,37.065,200,37.065
605,-38,37.065,200,37.065
606,-38,37.065,200,37.065
607,-54,33.775,200,33.775
608,-42,36.365,200,36.365
609,-38,37.065,200,37.065
610,-88,33.35,200,33.35
611,-54,33.775,200,33.775
612,-42,36.365,200,36.365
613,-54,33.775,200,33.775
614,-42,34.4,200,34.4
615,-46,36.0,200,36.0
616,-66,34.675,200,34.675
617,-38,37.065,200,37.065
618,-42,34.4,200,34.4
619,-42,36.16,200,36.16
620,-104,35.415,200,35.415
621,-42,36.485,200,36.485
622,-58,33.64,200,33.64
623,-42,36.365,200,36.365
624,-58,35.465,200,35.465
625,-64,35.7,200,35.7
626,-42,36.485,200,36.485
627,-62,35.13,200,35.13
628,-42,34.4,200,34.4
629,-42,34.4,200,34.4
630,-38,37.065,200,37.065
631,-42,36.365,200,36.365
632,-42,36.485,200,36.485
633,-60,35.125,200,35.125
634,-42,36.485,200,36.485
635,-38,37.065,200,37.065
636,-42,36.485,200,36.485
637,-42,36.485,200,36.485
638,-42,36.365,200,36.365
639,-52,35.8,200,35.8
640,-42,36.365,200,36.365
641,-50,36.39,200,36.39
642,-38,37.065,200,37.065
643,-38,37.065,200,37.065
644,-38,37.065,200,37.065
645,-42,36.485,200,36.485
646,-38,37.065,200,37.065
647,-54,35.825,200,35.825
648,-54,35.67,200,35.67
649,-42,36.365,200,36.365
650,-38,37.065,200,37.065
651,-42,34.4,200,34.4
652,-38,37.065,200,37.065
653,-38,37.065,200,37.065
654,-38,37.065,200,37.065
655,-72,35.41,200,35.41
656,-52,35.51,200,35.51
657,-54,35.67,200,35.67
658,-42,36.485,200,36.485
659,-38,37.065,200,37.065
660,-42,36.485,200,36.485
661,-38,37.065,200,37.065
662,-42,36.485,200,36.485
663,-38,37.065,200,37.065
664,-38,37.065,200,37.065
665,-38,37.065,200,37.065
666,-38,37.065,200,37.065
667,-122,35.71,200,35.71
668,-58,33.64,200,33.64
669,-42,34.4,200,34.4
670,-42,36.365,200,36.365
671,-42,36.16,200,36.16
672,-42,36.485,200,36.485
673,-38,37.065,200,37.065
674,-72,35.79,200,35.79
675,-96,33.285,200,33.285
676,-38,37.065,200,37.065
677,-38,37.065,200,37.065
678,-38,37.065,200,37.065
679,-42,36.485,200,36.485
680,-42,36.485,200,36.485
681,-50,34.285,200,34.285
682,-42,36.16,200,36.16
683,-38,37.065,200,37.065
684,-70,35.505,200,35.505
685,-42,36.485,200,36.485
686,-42,36.485,200,36.485
687,-38,37.065,200,37.065
688,-38,37.065,200,37.065
689,-38,37.065,200,37.065
690,-38,37.065,200,37.065
691,-42,36.365,200,36.365
692,-64,35.7,200,35.7
693,-42,36.365,200,36.365
694,-38,37.065,200,37.065
695,-58,35.675,200,35.675
696,-62,35.49,200,35.49
697,-38,37.065,200,37.065
698,-38,37.065,200,37.065
699,-42,36.16,200,36.16
700,-52,36.025,200,36.025
701,-98,36.59,200,36.59
702,-38,37.065,200,37.065
703,-100,36.585,200,36.585
704,-50,35.695,200,35.695
705,-100,36.575,200,36.575
706,-106,35.86,200,35.86
707,-122,33.4,200,33.4
708,-42,36.365,200,36.365
709,-38,37.065,200,37.065
710,-38,37.065,200,37.065
711,-42,36.16,200,36.16
712,-38,37.065,200,37.065
713,-42,36.365,200,36.365
714,-42,36.16,200,36.16
715,-66,35.32,200,35.32
716,-72,34.97,200,34.97
717,-124,35.405,200,35.405
718,-38,37.065,200,37.065
719,-38,37.065,200,37.065
720,-42,36.485,200,36.485
721,-52,35.8,200,35.8
722,-112,33.53,200,33.53
723,-42,36.365,200,36.365
724,-112,35.61,200,35.61
725,-58,36.4,200,36.4
726,-42,36.365,200,36.365
727,-116,35.185,200,35.185
728,-42,34.4,200,34.4
729,-42,34.4,200,34.4
730,-42,34.4,200,34.4
731,-38,37.065,200,37.065
732,-106,30.75,200,30.75
733,-54,35.825,200,35.825
734,-58,35.295,200,35.295
735,-42,34.4,200,34.4
736,-42,36.16,200,36.16
737,-46,36.0,200,36.0
738,-42,36.485,200,36.485
739,-38,37.065,200,37.065
740,-42,34.4,200,34.4
741,-38,37.065,200,37.065
742,-52,36.025,200,36.025
743,-46,36.0,200,36.0
744,-38,37.065,200,37.065
745,-50,34.285,200,34.285
746,-42,34.4,200,34.4
747,-58,33.64,200,33.64
748,-42,34.4,200,34.4
749,-62,33.68,200,33.68
750,-72,33.035,200,33.035
751,-148,28.38,200,28.38
752,-110,32.74,200,32.74
753,-94,33.73,200,33.73
754,-50,34.285,200,34.285
755,-62,35.51,200,35.51
756,-38,37.065,200,37.065
757,-38,37.065,200,37.065
758,-54,33.775,200,33.775
759,-146,32.435,200,32.435
760,-72,35.14,200,35.14
761,-88,34.24,200,34.24
762,-70,36.085,200,36.085
763,-52,35.8,200,35.8
764,-42,36.365,200,36.365
765,-42,34.4,200,34.4
766,-94,31.51,200,31.51
767,-42,34.4,200,34.4
768,-42,34.4,200,34.4
769,-58,34.185,200,34.185
770,-42,36.365,200,36.365
771,-42,34.4,200,34.4
772,-42,34.4,200,34.4
773,-80,32.405,200,32.405
774,-42,34.4,200,34.4
775,-56,33.465,200,33.465
776,-42,34.4,200,34.4
777,-76,32.72,200,32.72
778,-42,34.4,200,34.4
779,-42,34.4,200,34.4
780,-42,34.4,200,34.4
781,-46,36.0,200,36.0
782,-72,34.625,200,34.625
783,-42,34.4,200,34.4
784,-42,34.4,200,34.4
785,-54,33.775,200,33.775
786,-42,34.4,200,34.4
787,-42,34.4,200,34.4
788,-62,35.07,200,35.07
789,-42,34.4,200,34.4
790,-42,36.365,200,36.365
791,-42,36.485,200,36.485
792,-62,35.13,200,35.13
793,-62,33.175,200,33.175
794,-42,36.485,200,36.485
795,-38,37.065,200,37.065
796,-38,37.065,200,37.065
797,-42,36.485,200,36.485
798,-42,34.4,200,34.4
799,-50,34.285,200,34.285
800,-42,36.485,200,36.485
801,-38,37.065,200,37.065
802,-54,35.825,200,35.825
803,-38,37.065,200,37.065
804,-38,37.065,200,37.065
805,-38,37.065,200,37.065
806,-38,37.065,200,37.065
807,-102,35.905,200,35.905
808,-42,36.485,200,36.485
809,-38,37.065,200,37.065
810,-38,37.065,200,37.065
811,-42,34.4,200,34.4
812,-112,35.89,200,35.89
813,-52,36.025,200,36.025
814,-64,35.86,200,35.86
815,-38,37.065,200,37.065
816,-42,36.485,200,36.485
817,-42,36.485,200,36.485
818,-42,36.485,200,36.485
819,-42,36.16,200,36.16
820,-38,37.065,200,37.065
821,-38,37.065,200,37.065
822,-50,36.39,200,36.39
823,-42,36.485,200,36.485
824,-38,37.065,200,37.065
825,-42,36.485,200,36.485
826,-58,36.085,200,36.085
827,-42,36.485,200,36.485
828,-38,37.065,200,37.065
829,-38,37.065,200,37.065
830,-38,37.065,200,37.065
831,-42,36.16,200,36.16
832,-38,37.065,200,37.065
833,-42,36.485,200,36.485
834,-38,37.065,200,37.065
835,-58,35.235,200,35.235
836,-38,37.065,200,37.065
837,-42,34.4,200,34.4
838,-50,35.695,200,35.695
839,-38,37.065,200,37.065
840,-42,36.485,200,36.485
841,-46,36.0,200,36.0
842,-42,36.16,200,36.16
843,-42,34.4,200,34.4
844,-50,34.285,200,34.285
845,-42,34.4,200,34.4
846,-42,34.4,200,34.4
847,-62,33.68,200,33.68
848,-38,37.065,200,37.065
849,-42,34.4,200,34.4
850,-50,34.285,200,34.285
851,-42,34.4,200,34.4
852,-42,34.4,200,34.4
853,-62,33.68,200,33.68
854,-42,36.485,200,36.485
855,-42,34.4,200,34.4
856,-42,34.4,200,34.4
857,-42,34.4,200,34.4
858,-42,36.16,200,36.16
859,-42,34.4,200,34.4
860,-42,34.4,200,34.4
861,-42,34.4,200,34.4
862,-42,34.4,200,34.4
863,-42,34.4,200,34.4
864,-42,34.4,200,34.4
865,-42,34.4,200,34.4
866,-42,34.4,200,34.4
867,-50,34.285,200,34.285
868,-42,34.4,200,34.4
869,-42,36.16,200,36.16
870,-42,34.4,200,34.4
871,-71,36.275,200,36.275
872,-42,34.4,200,34.4
873,-42,34.4,200,34.4
874,-118,35.04,200,35.04
875,-42,36.485,200,36.485
876,-42,34.4,200,34.4
877,-38,37.065,200,37.065
878,-42,34.4,200,34.4
879,-42,34.4,200,34.4
880,-50,34.285,200,34.285
881,-42,34.4,200,34.4
882,-38,37.065,200,37.065
883,-42,34.4,200,34.4
884,-42,34.4,200,34.4
885,-42,34.4,200,34.4
886,-50,34.285,200,34.285
887,-42,34.4,200,34.4
888,-42,34.4,200,34.4
889,-38,37.065,200,37.065
890,-42,34.4,200,34.4
891,-56,33.465,200,33.465
892,-42,34.4,200,34.4
893,-42,34.4,200,34.4
894,-50,34.285,200,34.285
895,-50,34.285,200,34.285
896,-42,34.4,200,34.4
897,-76,32.285,200,32.285
898,-54,33.775,200,33.775
899,-42,34.4,200,34.4
900,-100,31.215,200,31.215
901,-74,32.375,200,32.375
902,-42,34.4,200,34.4
903,-58,33.64,200,33.64
904,-42,34.4,200,34.4
905,-58,33.64,200,33.64
906,-148,29.73,200,29.73
907,-42,34.4,200,34.4
908,-42,34.4,200,34.4
909,-42,34.4,200,34.4
910,-64,33.05,200,33.05
911,-108,34.11,200,34.11
912,-42,34.4,200,34.4
913,-42,34.4,200,34.4
914,-50,34.285,200,34.285
915,-62,35.115,200,35.115
916,-42,34.4,200,34.4
917,-42,34.4,200,34.4
918,-58,33.64,200,33.64
919,-42,34.4,200,34.4
920,-72,33.41,200,33.41
921,-42,34.4,200,34.4
922,-42,34.4,200,34.4
923,-42,34.4,200,34.4
924,-42,34.4,200,34.4
925,-42,34.4,200,34.4
926,-42,34.4,200,34.4
927,-42,34.4,200,34.4
928,-42,34.4,200,34.4
929,-50,35.695,200,35.695
930,-50,34.285,200,34.285
931,-42,34.4,200,34.4
932,-54,33.775,200,33.775
933,-54,35.375,200,35.375
934,-42,34.4,200,34.4
935,-42,34.4,200,34.4
936,-42,34.4,200,34.4
937,-80,32.255,200,32.255
938,-42,34.4,200,34.4
939,-42,34.4,200,34.4
940,-42,34.4,200,34.4
941,-42,34.4,200,34.4
942,-42,34.4,200,34.4
943,-42,34.4,200,34.4
944,-54,33.775,200,33.775
945,-42,34.4,200,34.4
946,-42,34.4,200,34.4
947,-54,33.775,200,33.775
948,-42,34.4,200,34.4
949,-42,34.4,200,34.4
950,-42,34.4,200,34.4
951,-42,34.4,200,34.4
952,-42,34.4,200,34.4
953,-42,34.4,200,34.4
954,-104,33.5,200,33.5
955,-42,34.4,200,34.4
956,-138,30.705,200,30.705
957,-62,33.175,200,33.175
958,-114,30.71,200,30.71
959,-104,30.305,200,30.305
960,-74,32.555,200,32.555
961,-42,34.4,200,34.4
962,-114,33.535,200,33.535
963,-42,34.4,200,34.4
964,-42,34.4,200,34.4
965,-50,34.285,200,34.285
966,-42,34.4,200,34.4
967,-42,34.4,200,34.4
968,-42,34.4,200,34.4
969,-64,33.66,200,33.66
970,-106,33.93,200,33.93
971,-68,33.2,200,33.2
972,-84,32.12,200,32.12
973,-150,29.03,200,29.03
974,-104,33.95,200,33.95
975,-108,29.9,200,29.9
976,-278,28.91,200,28.91
977,-118,33.015,200,33.015
978,-54,33.775,200,33.775
979,-58,33.64,200,33.64
980,-42,36.485,200,36.485
981,-42,34.4,200,34.4
982,-72,33.505,200,33.505
983,-42,34.4,200,34.4
984,-58,36.4,200,36.4
985,-132,33.18,200,33.18
986,-172,30.73,200,30.73
987,-42,34.4,200,34.4
988,-112,33.57,200,33.57
989,-46,36.0,200,36.0
990,-80,33.485,200,33.485
991,-54,33.775,200,33.775
992,-182,29.005,200,29.005
993,-50,35.695,200,35.695
994,-42,34.4,200,34.4
995,-78,32.56,200,32.56
996,-42,36.365,200,36.365
997,-82,34.06,200,34.06
998,-38,37.065,200,37.065
999,-166,32.37,200,32.37
1000,-38,37.065,200,37.065
1001,-50,36.39,200,36.39
1002,-50,34.285,200,34.285
1003,-42,36.365,200,36.365
1004,-42,34.4,200,34.4
1005,-42,36.16,200,36.16
1006,-42,34.4,200,34.4
1007,-52,35.8,200,35.8
1008,-42,36.485,200,36.485
1009,-42,34.4,200,34.4
1010,-78,32.61,200,32.61
1011,-70,34.12,200,34.12
1012,-70,32.63,200,32.63
1013,-42,34.4,200,34.4
1014,-50,34.285,200,34.285
1015,-56,35.725,200,35.725
1016,-42,34.4,200,34.4
1017,-42,34.4,200,34.4
1018,-50,34.285,200,34.285
1019,-42,34.4,200,34.4
1020,-42,34.4,200,34.4
1021,-38,37.065,200,37.065
1022,-54,35.375,200,35.375
1023,-64,35.145,200,35.145
1024,-56,35.45,200,35.45
1025,-54,33.775,200,33.775
1026,-42,34.4,200,34.4
1027,-42,36.16,200,36.16
1028,-42,34.4,200,34.4
1029,-62,34.765,200,34.765
1030,-42,36.485,200,36.485
1031,-42,34.4,200,34.4
1032,-52,35.8,200,35.8
1033,-42,36.485,200,36.485
1034,-42,34.4,200,34.4
1035,-42,34.4,200,34.4
1036,-52,36.185,200,36.185
1037,-42,34.4,200,34.4
1038,-42,34.4,200,34.4
1039,-100,32.84,200,32.84
1040,-70,32.87,200,32.87
1041,-42,34.4,200,34.4
1042,-42,34.4,200,34.4
1043,-72,32.875,200,32.875
1044,-42,34.4,200,34.4
1045,-42,34.4,200,34.4
1046,-42,34.4,200,34.4
1047,-42,34.4,200,34.4
1048,-42,34.4,200,34.4
1049,-38,37.065,200,37.065
1050,-42,34.4,200,34.4
1051,-58,33.64,200,33.64
1052,-42,34.4,200,34.4
1053,-42,34.4,200,34.4
1054,-60,35.125,200,35.125
1055,-42,34.4,200,34.4
1056,-42,34.4,200,34.4
1057,-42,34.4,200,34.4
1058,-42,34.4,200,34.4
1059,-62,35.49,200,35.49
1060,-42,34.4,200,34.4
1061,-42,34.4,200,34.4
1062,-42,34.4,200,34.4
1063,-42,34.4,200,34.4
1064,-80,32.255,200,32.255
1065,-42,34.4,200,34.4
1066,-42,34.4,200,34.4
1067,-42,34.4,200,34.4
1068,-42,34.4,200,34.4
1069,-42,34.4,200,34.4
1070,-56,33.465,200,33.465
1071,-42,34.4,200,34.4
1072,-56,33.465,200,33.465
1073,-42,34.4,200,34.4
1074,-126,32.225,200,32.225
1075,-42,34.4,200,34.4
1076,-68,33.2,200,33.2
1077,-76,34.47,200,34.47
1078,-42,34.4,200,34.4
1079,-90,32.33,200,32.33
1080,-42,34.4,200,34.4
1081,-98,31.715,200,31.715
1082,-80,31.955,200,31.955
1083,-88,32.0,200,32.0
1084,-88,32.345,200,32.345
1085,-42,34.4,200,34.4
1086,-70,33.57,200,33.57
1087,-42,36.16,200,36.16
1088,-42,36.16,200,36.16
1089,-76,36.16,200,36.16
1090,-42,34.4,200,34.4
1091,-38,37.065,200,37.065
1092,-38,37.065,200,37.065
1093,-42,34.4,200,34.4
1094,-56,33.465,200,33.465
1095,-52,35.51,200,35.51
1096,-38,37.065,200,37.065
1097,-42,34.4,200,34.4
1098,-42,34.4,200,34.4
1099,-42,34.4,200,34.4
1100,-50,34.285,200,34.285
1101,-46,36.0,200,36.0
1102,-42,34.4,200,34.4
1103,-42,34.4,200,34.4
1104,-42,34.4,200,34.4
1105,-42,34.4,200,34.4
1106,-42,34.4,200,34.4
1107,-50,36.39,200,36.39
1108,-42,36.485,200,36.485
1109,-52,35.8,200,35.8
1110,-38,37.065,200,37.065
1111,-38,37.065,200,37.065
1112,-42,36.365,200,36.365
1113,-38,37.065,200,37.065
1114,-42,34.4,200,34.4
1115,-46,36.0,200,36.0
1116,-38,37.065,200,37.065
1117,-42,36.365,200,36.365
1118,-186,32.09,200,32.09
1119,-84,32.98,200,32.98
1120,-112,33.445,200,33.445
1121,-108,34.105,200,34.105
1122,-92,33.395,200,33.395
1123,-58,34.185,200,34.185
1124,-105,33.625,200,33.625
1125,-84,36.0,200,36.0
1126,-42,34.4,200,34.4
1127,-52,35.8,200,35.8
1128,-120,30.38,200,30.38
1129,-68,32.635,200,32.635
1130,-42,34.4,200,34.4
1131,-94,31.775,200,31.775
1132,-58,34.185,200,34.185
1133,-42,36.365,200,36.365
1134,-62,33.39,200,33.39
1135,-42,34.4,200,34.4
1136,-42,36.485,200,36.485
1137,-84,32.165,200,32.165
1138,-42,34.4,200,34.4
1139,-78,32.27,200,32.27
1140,-58,34.185,200,34.185
1141,-42,34.4,200,34.4
1142,-42,34.4,200,34.4
1143,-46,36.0,200,36.0
1144,-42,34.4,200,34.4
1145,-42,36.485,200,36.485
1146,-38,37.065,200,37.065
1147,-80,34.44,200,34.44
1148,-38,37.065,200,37.065
1149,-38,37.065,200,37.065
1150,-118,33.75,200,33.75
1151,-50,34.285,200,34.285
1152,-64,32.915,200,32.915
1153,-42,34.4,200,34.4
1154,-42,34.4,200,34.4
1155,-62,35.89,200,35.89
1156,-68,33.2,200,33.2
1157,-42,34.4,200,34.4
1158,-54,33.775,200,33.775
1159,-38,37.065,200,37.065
1160,-88,31.565,200,31.565
1161,-38,37.065,200,37.065
1162,-52,36.025,200,36.025
1163,-38,37.065,200,37.065
1164,-42,34.4,200,34.4
1165,-58,33.64,200,33.64
1166,-42,34.4,200,34.4
1167,-120,34.825,200,34.825
1168,-38,37.065,200,37.065
1169,-116,33.015,200,33.015
1170,-42,34.4,200,34.4
1171,-56,35.725,200,35.725
1172,-38,37.065,200,37.065
1173,-38,37.065,200,37.065
1174,-54,33.775,200,33.775
1175,-42,34.4,200,34.4
1176,-42,34.4,200,34.4
1177,-42,36.365,200,36.365
1178,-54,33.775,200,33.775
1179,-42,34.4,200,34.4
1180,-42,34.4,200,34.4
1181,-116,32.925,200,32.925
1182,-38,37.065,200,37.065
1183,-38,37.065,200,37.065
1184,-42,34.4,200,34.4
1185,-42,34.4,200,34.4
1186,-64,35.24,200,35.24
1187,-42,34.4,200,34.4
1188,-42,34.4,200,34.4
1189,-42,34.4,200,34.4
1190,-42,34.4,200,34.4
1191,-38,37.065,200,37.065
1192,-42,36.16,200,36.16
1193,-42,34.4,200,34.4
1194,-42,34.4,200,34.4
1195,-42,34.4,200,34.4
1196,-42,34.4,200,34.4
1197,-42,34.4,200,34.4
1198,-58,35.805,200,35.805
1199,-42,36.485,200,36.485
1200,-42,34.4,200,34.4
1201,-42,34.4,200,34.4
1202,-42,34.4,200,34.4
1203,-42,34.4,200,34.4
1204,-42,34.4,200,34.4
1205,-38,37.065,200,37.065
1206,-38,37.065,200,37.065
1207,-72,34.97,200,34.97
1208,-38,37.065,200,37.065
1209,-58,34.185,200,34.185
1210,-42,34.4,200,34.4
1211,-46,36.0,200,36.0
1212,-42,34.4,200,34.4
1213,-64,32.915,200,32.915
1214,-42,36.365,200,36.365
1215,-38,37.065,200,37.065
1216,-98,36.595,200,36.595
1217,-92,33.385,200,33.385
1218,-38,37.065,200,37.065
1219,-54,35.67,200,35.67
1220,-42,36.485,200,36.485
1221,-102,34.965,200,34.965
1222,-38,37.065,200,37.065
1223,-58,36.4,200,36.4
1224,-38,37.065,200,37.065
1225,-62,33.68,200,33.68
1226,-42,36.16,200,36.16
1227,-56,33.465,200,33.465
1228,-50,34.285,200,34.285
1229,-42,34.4,200,34.4
1230,-42,34.4,200,34.4
1231,-42,34.4,200,34.4
1232,-52,36.185,200,36.185
1233,-38,37.065,200,37.065
1234,-42,36.485,200,36.485
1235,-70,36.485,200,36.485
1236,-54,33.775,200,33.775
1237,-46,36.0,200,36.0
1238,-198,28.535,200,28.535
1239,-112,35.9,200,35.9
1240,-82,33.91,200,33.91
1241,-88,31.75,200,31.75
1242,-90,33.605,200,33.605
1243,-54,33.775,200,33.775
1244,-42,34.4,200,34.4
1245,-60,33.335,200,33.335
1246,-80,32.105,200,32.105
1247,-76,32.255,200,32.255
1248,-64,32.915,200,32.915
1249,-142,34.865,200,34.865
1250,-128,29.46,200,29.46
1251,-38,37.065,200,37.065
1252,-58,33.64,200,33.64
1253,-54,35.825,200,35.825
1254,-42,36.16,200,36.16
1255,-54,33.775,200,33.775
1256,-122,31.72,200,31.72
1257,-92,33.395,200,33.395
1258,-58,33.64,200,33.64
1259,-120,32.475,200,32.475
1260,-46,36.0,200,36.0
1261,-38,37.065,200,37.065
1262,-46,36.0,200,36.0
1263,-42,34.4,200,34.4
1264,-54,33.775,200,33.775
1265,-50,34.285,200,34.285
1266,-70,33.015,200,33.015
1267,-42,36.365,200,36.365
1268,-42,34.4,200,34.4
1269,-42,36.485,200,36.485
1270,-120,33.395,200,33.395
1271,-42,36.485,200,36.485
1272,-38,37.065,200,37.065
1273,-42,36.16,200,36.16
1274,-42,34.4,200,34.4
1275,-38,37.065,200,37.065
1276,-38,37.065,200,37.065
1277,-78,32.27,200,32.27
1278,-42,34.4,200,34.4
1279,-86,31.675,200,31.675
1280,-42,34.4,200,34.4
1281,-50,34.285,200,34.285
1282,-62,35.89,200,35.89
1283,-80,32.105,200,32.105
1284,-38,37.065,200,37.065
1285,-42,34.4,200,34.4
1286,-42,34.4,200,34.4
1287,-42,34.4,200,34.4
1288,-56,33.465,200,33.465
1289,-42,34.4,200,34.4
1290,-50,34.285,200,34.285
1291,-42,34.4,200,34.4
1292,-42,34.4,200,34.4
1293,-58,33.64,200,33.64
1294,-50,34.285,200,34.285
1295,-54,33.775,200,33.775
1296,-42,34.4,200,34.4
1297,-42,36.365,200,36.365
1298,-38,37.065,200,37.065
1299,-42,34.4,200,34.4
1300,-42,34.4,200,34.4
1301,-42,34.4,200,34.4
1302,-50,34.285,200,34.285
1303,-42,34.4,200,34.4
1304,-42,34.4,200,34.4
1305,-38,37.065,200,37.065
1306,-42,34.4,200,34.4
1307,-42,34.4,200,34.4
1308,-42,34.4,200,34.4
1309,-42,34.4,200,34.4
1310,-110,35.165,200,35.165
1311,-42,34.4,200,34.4
1312,-42,34.4,200,34.4
1313,-62,33.39,200,33.39
1314,-54,33.775,200,33.775
1315,-42,34.4,200,34.4
1316,-58,33.64,200,33.64
1317,-38,37.065,200,37.065
1318,-42,34.4,200,34.4
1319,-42,34.4,200,34.4
1320,-42,34.4,200,34.4
1321,-42,34.4,200,34.4
1322,-56,33.465,200,33.465
1323,-42,34.4,200,34.4
1324,-109,34.55,200,34.55
1325,-42,34.4,200,34.4
1326,-56,33.465,200,33.465
1327,-42,34.4,200,34.4
1328,-42,34.4,200,34.4
1329,-42,34.4,200,34.4
1330,-42,34.4,200,34.4
1331,-42,34.4,200,34.4
1332,-42,34.4,200,34.4
1333,-42,34.4,200,34.4
1334,-42,34.4,200,34.4
1335,-42,34.4,200,34.4
1336,-42,34.4,200,34.4
1337,-42,34.4,200,34.4
1338,-42,36.365,200,36.365
1339,-52,36.025,200,36.025
1340,-102,35.885,200,35.885
1341,-42,36.365,200,36.365
1342,-42,36.16,200,36.16
1343,-64,35.52,200,35.52
1344,-54,35.67,200,35.67
1345,-42,36.485,200,36.485
1346,-92,33.785,200,33.785
1347,-42,36.485,200,36.485
1348,-38,37.065,200,37.065
1349,-66,35.11,200,35.11
1350,-42,36.365,200,36.365
1351,-42,36.485,200,36.485
1352,-58,36.4,200,36.4
1353,-54,35.67,200,35.67
1354,-42,36.485,200,36.485
1355,-62,35.89,200,35.89
1356,-64,35.31,200,35.31
1357,-42,36.485,200,36.485
1358,-54,35.825,200,35.825
1359,-104,36.005,200,36.005
1360,-38,37.065,200,37.065
1361,-38,37.065,200,37.065
1362,-106,35.98,200,35.98
1363,-42,36.485,200,36.485
1364,-42,36.485,200,36.485
1365,-38,37.065,200,37.065
1366,-38,37.065,200,37.065
1367,-42,36.485,200,36.485
1368,-100,36.595,200,36.595
1369,-56,35.495,200,35.495
1370,-38,37.065,200,37.065
1371,-38,37.065,200,37.065
1372,-42,36.485,200,36.485
1373,-42,36.485,200,36.485
1374,-72,32.875,200,32.875
1375,-66,35.21,200,35.21
1376,-58,35.315,200,35.315
1377,-42,36.16,200,36.16
1378,-38,37.065,200,37.065
1379,-104,36.005,200,36.005
1380,-38,37.065,200,37.065
1381,-42,36.485,200,36.485
1382,-38,37.065,200,37.065
1383,-38,37.065,200,37.065
1384,-56,35.45,200,35.45
1385,-42,34.4,200,34.4
1386,-110,33.12,200,33.12
1387,-58,35.235,200,35.235
1388,-42,36.16,200,36.16
1389,-82,32.405,200,32.405
1390,-122,31.635,200,31.635
1391,-62,35.89,200,35.89
1392,-54,33.775,200,33.775
1393,-64,33.545,200,33.545
1394,-42,36.485,200,36.485
1395,-68,33.24,200,33.24
1396,-62,34.765,200,34.765
1397,-42,34.4,200,34.4
1398,-50,34.285,200,34.285
1399,-42,34.4,200,34.4
1400,-42,34.4,200,34.4
1401,-54,35.67,200,35.67
1402,-38,37.065,200,37.065
1403,-46,36.0,200,36.0
1404,-38,37.065,200,37.065
1405,-42,36.485,200,36.485
1406,-42,36.16,200,36.16
1407,-38,37.065,200,37.065
1408,-64,33.05,200,33.05
1409,-42,34.4,200,34.4
1410,-42,34.4,200,34.4
1411,-42,34.4,200,34.4
1412,-42,34.4,200,34.4
1413,-42,34.4,200,34.4
1414,-76,34.075,200,34.075
1415,-38,37.065,200,37.065
1416,-102,36.005,200,36.005
1417,-38,37.065,200,37.065
1418,-38,37.065,200,37.065
1419,-38,37.065,200,37.065
1420,-58,36.4,200,36.4
1421,-38,37.065,200,37.065
1422,-38,37.065,200,37.065
1423,-38,37.065,200,37.065
1424,-42,36.485,200,36.485
1425,-52,36.185,200,36.185
1426,-88,34.905,200,34.905
1427,-42,36.485,200,36.485
1428,-102,36.015,200,36.015
1429,-54,35.67,200,35.67
1430,-52,36.025,200,36.025
1431,-38,37.065,200,37.065
1432,-56,35.495,200,35.495
1433,-38,37.065,200,37.065
1434,-82,33.86,200,33.86
1435,-38,37.065,200,37.065
1436,-42,36.365,200,36.365
1437,-46,36.0,200,36.0
1438,-38,37.065,200,37.065
1439,-90,35.515,200,35.515
1440,-38,37.065,200,37.065
1441,-42,36.16,200,36.16
1442,-42,36.485,200,36.485
1443,-38,37.065,200,37.065
1444,-38,37.065,200,37.065
1445,-42,34.4,200,34.4
1446,-38,37.065,200,37.065
1447,-154,31.13,200,31.13
1448,-70,33.015,200,33.015
1449,-52,35.8,200,35.8
1450,-38,37.065,200,37.065
1451,-122,31.945,200,31.945
1452,-42,36.365,200,36.365
1453,-54,33.775,200,33.775
1454,-42,34.4,200,34.4
1455,-146,29.765,200,29.765
1456,-38,37.065,200,37.065
1457,-72,32.965,200,32.965
1458,-126,34.075,200,34.075
1459,-78,32.1,200,32.1
1460,-76,34.61,200,34.61
1461,-42,34.4,200,34.4
1462,-54,33.775,200,33.775
1463,-64,33.5,200,33.5
1464,-140,32.865,200,32.865
1465,-80,34.125,200,34.125
1466,-42,34.4,200,34.4
1467,-112,33.49,200,33.49
1468,-64,32.915,200,32.915
1469,-98,31.96,200,31.96
1470,-38,37.065,200,37.065
1471,-42,36.365,200,36.365
1472,-38,37.065,200,37.065
1473,-38,37.065,200,37.065
1474,-38,37.065,200,37.065
1475,-52,36.185,200,36.185
1476,-42,36.16,200,36.16
1477,-86,33.445,200,33.445
1478,-64,35.495,200,35.495
1479,-112,32.295,200,32.295
1480,-146,30.33,200,30.33
1481,-82,32.245,200,32.245
1482,-38,37.065,200,37.065
1483,-52,35.8,200,35.8
1484,-58,36.4,200,36.4
1485,-98,36.585,200,36.585
1486,-38,37.065,200,37.065
1487,-38,37.065,200,37.065
1488,-70,35.38,200,35.38
1489,-42,36.365,200,36.365
1490,-58,36.4,200,36.4
1491,-56,35.495,200,35.495
1492,-42,36.16,200,36.16
1493,-42,36.485,200,36.485
1494,-46,36.0,200,36.0
1495,-116,35.3,200,35.3
1496,-42,36.485,200,36.485
1497,-70,34.955,200,34.955
1498,-42,34.4,200,34.4
1499,-42,34.4,200,34.4
1500,-58,33.64,200,33.64
1501,-58,34.185,200,34.185
1502,-54,33.775,200,33.775
1503,-74,34.23,200,34.23
1504,-42,34.4,200,34.4
1505,-42,34.4,200,34.4
1506,-50,36.39,200,36.39
1507,-42,34.4,200,34.4
1508,-56,33.465,200,33.465
1509,-90,33.43,200,33.43
1510,-42,34.4,200,34.4
1511,-42,36.485,200,36.485
1512,-80,34.21,200,34.21
1513,-92,33.575,200,33.575
1514,-42,34.4,200,34.4
1515,-38,37.065,200,37.065
1516,-50,36.39,200,36.39
1517,-38,37.065,200,37.065
1518,-50,35.695,200,35.695
1519,-52,36.025,200,36.025
1520,-42,36.365,200,36.365
1521,-38,37.065,200,37.065
1522,-94,33.285,200,33.285
1523,-56,35.495,200,35.495
1524,-64,32.915,200,32.915
1525,-72,35.56,200,35.56
1526,-38,37.065,200,37.065
1527,-88,32.3,200,32.3
1528,-38,37.065,200,37.065
1529,-82,33.86,200,33.86
1530,-38,37.065,200,37.065
1531,-38,37.065,200,37.065
1532,-38,37.065,200,37.065
1533,-42,34.4,200,34.4
1534,-42,36.16,200,36.16
1535,-38,37.065,200,37.065
1536,-46,36.0,200,36.0
1537,-38,37.065,200,37.065
1538,-38,37.065,200,37.065
1539,-86,31.815,200,31.815
1540,-42,36.485,200,36.485
1541,-58,35.675,200,35.675
1542,-58,36.4,200,36.4
1543,-38,37.065,200,37.065
1544,-38,37.065,200,37.065
1545,-38,37.065,200,37.065
1546,-42,34.4,200,34.4
1547,-42,36.485,200,36.485
1548,-38,37.065,200,37.065
1549,-42,36.365,200,36.365
1550,-38,37.065,200,37.065
1551,-38,37.065,200,37.065
1552,-38,37.065,200,37.065
1553,-62,34.63,200,34.63
1554,-78,32.27,200,32.27
1555,-42,34.4,200,34.4
1556,-84,32.165,200,32.165
1557,-42,34.4,200,34.4
1558,-50,34.285,200,34.285
1559,-70,33.055,200,33.055
1560,-42,34.4,200,34.4
1561,-42,34.4,200,34.4
1562,-82,33.46,200,33.46
1563,-64,32.915,200,32.915
1564,-42,34.4,200,34.4
1565,-118,31.585,200,31.585
1566,-42,34.4,200,34.4
1567,-42,34.4,200,34.4
1568,-78,32.27,200,32.27
1569,-54,33.775,200,33.775
1570,-42,34.4,200,34.4
1571,-111,34.11,200,34.11
1572,-38,37.065,200,37.065
1573,-42,34.4,200,34.4
1574,-42,34.4,200,34.4
1575,-42,36.485,200,36.485
1576,-38,37.065,200,37.065
1577,-42,34.4,200,34.4
1578,-42,34.4,200,34.4
1579,-42,36.365,200,36.365
1580,-62,33.175,200,33.175
1581,-42,34.4,200,34.4
1582,-42,34.4,200,34.4
1583,-60,33.335,200,33.335
1584,-42,34.4,200,34.4
1585,-50,34.285,200,34.285
1586,-42,34.4,200,34.4
1587,-42,34.4,200,34.4
1588,-64,32.915,200,32.915
1589,-42,34.4,200,34.4
1590,-78,33.605,200,33.605
1591,-42,34.4,200,34.4
1592,-42,34.4,200,34.4
1593,-42,34.4,200,34.4
1594,-50,34.285,200,34.285
1595,-42,34.4,200,34.4
1596,-42,34.4,200,34.4
1597,-42,34.4,200,34.4
1598,-58,33.64,200,33.64
1599,-42,34.4,200,34.4
1600,-42,34.4,200,34.4
1601,-42,34.4,200,34.4
1602,-54,33.775,200,33.775
1603,-72,33.085,200,33.085
1604,-54,33.775,200,33.775
1605,-80,32.25,200,32.25
1606,-50,34.285,200,34.285
1607,-42,34.4,200,34.4
1608,-42,34.4,200,34.4
1609,-42,34.4,200,34.4
1610,-42,34.4,200,34.4
1611,-42,34.4,200,34.4
1612,-42,34.4,200,34.4
1613,-50,34.285,200,34.285
1614,-96,31.025,200,31.025
1615,-58,34.185,200,34.185
1616,-42,34.4,200,34.4
1617,-42,34.4,200,34.4
1618,-62,33.175,200,33.175
1619,-42,34.4,200,34.4
1620,-74,32.265,200,32.265
1621,-42,34.4,200,34.4
1622,-42,34.4,200,34.4
1623,-42,34.4,200,34.4
1624,-42,34.4,200,34.4
1625,-42,34.4,200,34.4
1626,-42,34.4,200,34.4
1627,-70,32.345,200,32.345
1628,-42,34.4,200,34.4
1629,-42,34.4,200,34.4
1630,-42,34.4,200,34.4
1631,-42,34.4,200,34.4
1632,-42,34.4,200,34.4
1633,-42,34.4,200,34.4
1634,-42,34.4,200,34.4
1635,-68,35.025,200,35.025
1636,-112,33.395,200,33.395
1637,-38,37.065,200,37.065
1638,-42,34.4,200,34.4
1639,-76,32.54,200,32.54
1640,-68,33.2,200,33.2
1641,-42,34.4,200,34.4
1642,-42,34.4,200,34.4
1643,-42,34.4,200,34.4
1644,-74,32.385,200,32.385
1645,-80,31.95,200,31.95
1646,-42,34.4,200,34.4
1647,-84,33.845,200,33.845
1648,-42,34.4,200,34.4
1649,-42,34.4,200,34.4
1650,-42,34.4,200,34.4
1651,-58,34.185,200,34.185
1652,-94,33.045,200,33.045
1653,-62,33.175,200,33.175
1654,-92,33.465,200,33.465
1655,-42,34.4,200,34.4
1656,-98,34.23,200,34.23
1657,-56,35.45,200,35.45
1658,-38,37.065,200,37.065
1659,-52,36.025,200,36.025
1660,-58,35.51,200,35.51
1661,-38,37.065,200,37.065
1662,-42,34.4,200,34.4
1663,-42,34.4,200,34.4
1664,-42,34.4,200,34.4
1665,-42,34.4,200,34.4
1666,-38,37.065,200,37.065
1667,-42,34.4,200,34.4
1668,-42,34.4,200,34.4
1669,-38,37.065,200,37.065
1670,-42,36.365,200,36.365
1671,-42,34.4,200,34.4
1672,-62,33.175,200,33.175
1673,-58,34.185,200,34.185
1674,-42,34.4,200,34.4
1675,-42,34.4,200,34.4
1676,-88,32.345,200,32.345
1677,-42,34.4,200,34.4
1678,-42,34.4,200,34.4
1679,-60,33.335,200,33.335
1680,-116,30.255,200,30.255
1681,-42,34.4,200,34.4
1682,-50,34.285,200,34.285
1683,-42,34.4,200,34.4
1684,-42,34.4,200,34.4
1685,-42,34.4,200,34.4
1686,-42,34.4,200,34.4
1687,-56,33.465,200,33.465
1688,-58,34.185,200,34.185
1689,-42,34.4,200,34.4
1690,-58,34.185,200,34.185
1691,-42,34.4,200,34.4
1692,-42,34.4,200,34.4
1693,-58,34.185,200,34.185
1694,-204,28.65,200,28.65
1695,-50,34.285,200,34.285
1696,-42,34.4,200,34.4
1697,-54,33.775,200,33.775
1698,-42,34.4,200,34.4
1699,-42,34.4,200,34.4
1700,-56,33.465,200,33.465
1701,-58,34.185,200,34.185
1702,-42,34.4,200,34.4
1703,-42,34.4,200,34.4
1704,-42,34.4,200,34.4
1705,-42,34.4,200,34.4
1706,-38,37.065,200,37.065
1707,-42,36.16,200,36.16
1708,-38,37.065,200,37.065
1709,-46,36.0,200,36.0
1710,-38,37.065,200,37.065
1711,-42,34.4,200,34.4
1712,-50,34.285,200,34.285
1713,-88,32.455,200,32.455
1714,-50,34.285,200,34.285
1715,-50,34.285,200,34.285
1716,-62,33.39,200,33.39
1717,-42,34.4,200,34.4
1718,-50,34.285,200,34.285
1719,-42,34.4,200,34.4
1720,-42,34.4,200,34.4
1721,-130,33.485,200,33.485
1722,-144,34.85,200,34.85
1723,-54,35.67,200,35.67
1724,-58,36.4,200,36.4
1725,-86,34.69,200,34.69
1726,-64,35.355,200,35.355
1727,-70,34.8,200,34.8
1728,-80,35.8,200,35.8
1729,-188,34.905,200,34.905
1730,-181,35.86,200,35.86
1731,-70,35.79,200,35.79
1732,-42,36.16,200,36.16
1733,-46,36.0,200,36.0
1734,-102,33.44,200,33.44
1735,-38,37.065,200,37.065
1736,-118,32.76,200,32.76
1737,-38,37.065,200,37.065
1738,-126,32.52,200,32.52
1739,-42,36.365,200,36.365
1740,-54,35.375,200,35.375
1741,-38,37.065,200,37.065
1742,-66,35.11,200,35.11
1743,-114,35.045,200,35.045
1744,-50,36.39,200,36.39
1745,-38,37.065,200,37.065
1746,-70,34.315,200,34.315
1747,-42,36.485,200,36.485
1748,-38,37.065,200,37.065
1749,-42,36.365,200,36.365
1750,-68,34.565,200,34.565
1751,-64,34.795,200,34.795
1752,-38,37.065,200,37.065
1753,-50,36.39,200,36.39
1754,-38,37.065,200,37.065
1755,-80,35.385,200,35.385
1756,-42,34.4,200,34.4
1757,-38,37.065,200,37.065
1758,-80,34.82,200,34.82
1759,-42,36.485,200,36.485
1760,-38,37.065,200,37.065
1761,-42,36.485,200,36.485
1762,-42,36.485,200,36.485
1763,-38,37.065,200,37.065
1764,-38,37.065,200,37.065
1765,-42,36.485,200,36.485
1766,-38,37.065,200,37.065
1767,-42,36.485,200,36.485
1768,-42,36.365,200,36.365
1769,-42,36.485,200,36.485
1770,-42,36.16,200,36.16
1771,-38,37.065,200,37.065
1772,-46,36.0,200,36.0
1773,-62,35.89,200,35.89
1774,-108,35.87,200,35.87
1775,-38,37.065,200,37.065
1776,-38,37.065,200,37.065
1777,-38,37.065,200,37.065
1778,-54,35.67,200,35.67
1779,-38,37.065,200,37.065
1780,-74,34.14,200,34.14
1781,-58,36.4,200,36.4
1782,-100,36.6,200,36.6
1783,-38,37.065,200,37.065
1784,-50,36.39,200,36.39
1785,-116,35.575,200,35.575
1786,-38,37.065,200,37.065
1787,-52,35.8,200,35.8
1788,-110,32.835,200,32.835
1789,-52,35.8,200,35.8
1790,-146,31.27,200,31.27
1791,-38,37.065,200,37.065
1792,-38,37.065,200,37.065
1793,-38,37.065,200,37.065
1794,-38,37.065,200,37.065
1795,-50,36.39,200,36.39
1796,-108,34.1,200,34.1
1797,-102,33.69,200,33.69
1798,-42,36.16,200,36.16
1799,-42,36.485,200,36.485
1800,-108,34.09,200,34.09
1801,-38,37.065,200,37.065
1802,-42,34.4,200,34.4
1803,-38,37.065,200,37.065
1804,-54,33.775,200,33.775
1805,-42,34.4,200,34.4
1806,-54,33.775,200,33.775
1807,-62,33.175,200,33.175
1808,-100,32.68,200,32.68
1809,-90,33.14,200,33.14
1810,-96,33.035,200,33.035
1811,-68,34.79,200,34.79
1812,-50,36.39,200,36.39
1813,-106,33.09,200,33.09
1814,-42,34.4,200,34.4
1815,-62,34.92,200,34.92
1816,-42,36.365,200,36.365
1817,-86,33.91,200,33.91
1818,-38,37.065,200,37.065
1819,-38,37.065,200,37.065
1820,-50,36.39,200,36.39
1821,-62,34.435,200,34.435
1822,-138,30.4,200,30.4
1823,-76,34.885,200,34.885
1824,-42,36.485,200,36.485
1825,-52,36.025,200,36.025
1826,-38,37.065,200,37.065
1827,-66,34.85,200,34.85
1828,-62,34.765,200,34.765
1829,-42,34.4,200,34.4
1830,-88,33.41,200,33.41
1831,-204,27.285,200,27.285
1832,-38,37.065,200,37.065
1833,-56,35.725,200,35.725
1834,-42,34.4,200,34.4
1835,-38,37.065,200,37.065
1836,-42,36.365,200,36.365
1837,-38,37.065,200,37.065
1838,-50,35.695,200,35.695
1839,-42,36.485,200,36.485
1840,-80,32.075,200,32.075
1841,-84,32.435,200,32.435
1842,-62,34.765,200,34.765
1843,-42,36.485,200,36.485
1844,-88,33.87,200,33.87
1845,-126,29.635,200,29.635
1846,-42,34.4,200,34.4
1847,-52,35.8,200,35.8
1848,-42,34.4,200,34.4
1849,-38,37.065,200,37.065
1850,-62,34.895,200,34.895
1851,-42,34.4,200,34.4
1852,-42,36.365,200,36.365
1853,-56,35.725,200,35.725
1854,-58,35.235,200,35.235
1855,-38,37.065,200,37.065
1856,-58,35.235,200,35.235
1857,-42,36.365,200,36.365
1858,-76,33.245,200,33.245
1859,-38,37.065,200,37.065
1860,-42,36.365,200,36.365
1861,-50,36.39,200,36.39
1862,-54,35.67,200,35.67
1863,-38,37.065,200,37.065
1864,-46,36.0,200,36.0
1865,-50,34.285,200,34.285
1866,-42,36.365,200,36.365
1867,-42,34.4,200,34.4
1868,-38,37.065,200,37.065
1869,-42,36.16,200,36.16
1870,-42,34.4,200,34.4
1871,-42,34.4,200,34.4
1872,-50,34.285,200,34.285
1873,-38,37.065,200,37.065
1874,-178,30.125,200,30.125
1875,-42,34.4,200,34.4
1876,-58,34.185,200,34.185
1877,-42,34.4,200,34.4
1878,-42,34.4,200,34.4
1879,-42,34.4,200,34.4
1880,-52,35.8,200,35.8
1881,-52,35.8,200,35.8
1882,-42,36.485,200,36.485
1883,-68,35.165,200,35.165
1884,-114,34.16,200,34.16
1885,-38,37.065,200,37.065
1886,-50,36.39,200,36.39
1887,-144,36.125,200,36.125
1888,-64,35.495,200,35.495
1889,-110,35.91,200,35.91
1890,-62,35.89,200,35.89
1891,-72,34.57,200,34.57
1892,-128,32.905,200,32.905
1893,-38,37.065,200,37.065
1894,-50,35.695,200,35.695
1895,-38,37.065,200,37.065
1896,-118,34.47,200,34.47
1897,-90,33.85,200,33.85
1898,-86,34.3,200,34.3
1899,-80,34.815,200,34.815
1900,-42,36.365,200,36.365
1901,-42,36.365,200,36.365
1902,-52,36.025,200,36.025
1903,-62,35.89,200,35.89
1904,-42,36.365,200,36.365
1905,-38,37.065,200,37.065
1906,-68,35.355,200,35.355
1907,-88,33.965,200,33.965
1908,-38,37.065,200,37.065
1909,-38,37.065,200,37.065
1910,-42,36.16,200,36.16
1911,-38,37.065,200,37.065
1912,-140,33.12,200,33.12
1913,-38,37.065,200,37.065
1914,-42,36.16,200,36.16
1915,-42,36.16,200,36.16
1916,-58,36.4,200,36.4
1917,-152,31.07,200,31.07
1918,-52,35.8,200,35.8
1919,-50,36.39,200,36.39
1920,-50,36.39,200,36.39
1921,-42,36.485,200,36.485
1922,-38,37.065,200,37.065
1923,-38,37.065,200,37.065
1924,-42,36.485,200,36.485
1925,-38,37.065,200,37.065
1926,-58,35.315,200,35.315
1927,-106,33.43,200,33.43
1928,-42,36.365,200,36.365
1929,-72,35.14,200,35.14
1930,-38,37.065,200,37.065
1931,-58,35.675,200,35.675
1932,-42,36.485,200,36.485
1933,-62,35.135,200,35.135
1934,-42,34.4,200,34.4
1935,-54,35.67,200,35.67
1936,-64,35.56,200,35.56
1937,-106,31.29,200,31.29
1938,-72,35.79,200,35.79
1939,-58,35.235,200,35.235
1940,-46,36.0,200,36.0
1941,-112,35.2,200,35.2
1942,-42,34.4,200,34.4
1943,-74,32.505,200,32.505
1944,-52,35.8,200,35.8
1945,-56,35.725,200,35.725
1946,-194,33.1,200,33.1
1947,-38,37.065,200,37.065
1948,-204,27.745,200,27.745
1949,-74,34.63,200,34.63
1950,-62,35.115,200,35.115
1951,-280,25.735,200,25.735
1952,-42,36.365,200,36.365
1953,-38,37.065,200,37.065
1954,-46,36.0,200,36.0
1955,-58,35.675,200,35.675
1956,-126,35.06,200,35.06
1957,-58,35.465,200,35.465
1958,-58,33.64,200,33.64
1959,-252,25.94,200,25.94
1960,-174,32.54,200,32.54
1961,-236,24.55,200,24.55
1962,-102,33.67,200,33.67
1963,-290,24.04,200,24.04
1964,-136,30.235,200,30.235
1965,-152,31.955,200,31.955
1966,-140,31.48,200,31.48
1967,-294,25.07,200,25.07
1968,-318,21.535,200,21.535
1969,-180,28.95,200,28.95
1970,-553,6.11,200,6.11
1971,-138,31.81,200,31.81
1972,-586,11.9,200,11.9
1973,-370,21.26,200,21.26
1974,-424,13.4,200,13.4
1975,-522,9.445,200,9.445
1976,-142,27.25,200,27.25
1977,-587,8.185,200,8.185
1978,-288,20.58,200,20.58
1979,-440,16.295,200,16.295
1980,-194,31.895,200,31.895
1981,-176,28.97,200,28.97
1982,-585,4.435,200,4.435
1983,-306,22.545,200,22.545
1984,-178,26.675,200,26.675
1985,-86,32.695,200,32.695
1986,-102,32.43,200,32.43
1987,-503,5.255,200,5.255
1988,-120,29.6,200,29.6
1989,-80,34.31,200,34.31
1990,-157,28.47,200,28.47
1991,-186,32.9,200,32.9
1992,-188,28.325,200,28.325
1993,-130,30.475,200,30.475
1994,-166,27.54,200,27.54
1995,-78,32.395,200,32.395
1996,-100,31.15,200,31.15
1997,-252,22.515,200,22.515
1998,-128,31.88,200,31.88
1999,-88,33.865,200,33.865
2000,-158,30.72,200,30.72
2001,-70,32.345,200,32.345
2002,-196,25.685,200,25.685
2003,-72,32.87,200,32.87
2004,-100,30.47,200,30.47
2005,-42,34.4,200,34.4
2006,-42,34.4,200,34.4
2007,-76,32.185,200,32.185
2008,-147,31.325,200,31.325
2009,-308,25.845,200,25.845
2010,-390,18.64,200,18.64
2011,-148,30.87,200,30.87
2012,-128,32.365,200,32.365
2013,-226,28.57,200,28.57
2014,-198,27.555,200,27.555
2015,-206,25.535,200,25.535
2016,-110,33.085,200,33.085
2017,-112,35.34,200,35.34
2018,-240,28.14,200,28.14
2019,-42,34.4,200,34.4
2020,-86,34.69,200,34.69
2021,-120,31.11,200,31.11
2022,-38,37.065,200,37.065
2023,-50,34.285,200,34.285
2024,-90,33.375,200,33.375
2025,-86,33.355,200,33.355
2026,-188,31.29,200,31.29
2027,-92,33.665,200,33.665
2028,-42,34.4,200,34.4
2029,-50,34.285,200,34.285
2030,-126,31.44,200,31.44
2031,-50,34.285,200,34.285
2032,-42,34.4,200,34.4
2033,-94,33.515,200,33.515
2034,-96,30.955,200,30.955
2035,-78,32.38,200,32.38
2036,-54,33.775,200,33.775
2037,-86,31.76,200,31.76
2038,-150,27.425,200,27.425
2039,-94,31.785,200,31.785
2040,-58,33.64,200,33.64
2041,-152,30.37,200,30.37
2042,-82,32.28,200,32.28
2043,-42,34.4,200,34.4
2044,-42,34.4,200,34.4
2045,-42,34.4,200,34.4
2046,-84,32.165,200,32.165
2047,-60,33.335,200,33.335
2048,-60,33.335,200,33.335
2049,-74,32.505,200,32.505
2050,-42,34.4,200,34.4
2051,-62,33.68,200,33.68
2052,-66,34.685,200,34.685
2053,-42,34.4,200,34.4
2054,-42,36.485,200,36.485
2055,-42,34.4,200,34.4
2056,-42,34.4,200,34.4
2057,-42,34.4,200,34.4
2058,-42,34.4,200,34.4
2059,-62,34.92,200,34.92
2060,-42,34.4,200,34.4
2061,-62,33.68,200,33.68
2062,-54,35.375,200,35.375
2063,-42,34.4,200,34.4
2064,-42,34.4,200,34.4
2065,-58,35.465,200,35.465
2066,-50,34.285,200,34.285
2067,-42,34.4,200,34.4
2068,-38,37.065,200,37.065
2069,-50,34.285,200,34.285
2070,-42,34.4,200,34.4
2071,-54,33.775,200,33.775
2072,-64,33.05,200,33.05
2073,-54,33.775,200,33.775
2074,-42,34.4,200,34.4
2075,-38,37.065,200,37.065
2076,-50,34.285,200,34.285
2077,-70,34.12,200,34.12
2078,-50,34.285,200,34.285
2079,-58,34.185,200,34.185
2080,-42,34.4,200,34.4
2081,-42,34.4,200,34.4
2082,-38,37.065,200,37.065
2083,-42,34.4,200,34.4
2084,-38,37.065,200,37.065
2085,-70,32.87,200,32.87
2086,-118,30.65,200,30.65
2087,-72,32.53,200,32.53
2088,-42,34.4,200,34.4
2089,-64,35.86,200,35.86
2090,-110,30.905,200,30.905
2091,-80,33.745,200,33.745
2092,-56,33.465,200,33.465
2093,-64,33.05,200,33.05
2094,-70,32.345,200,32.345
2095,-54,35.375,200,35.375
2096,-56,35.725,200,35.725
2097,-38,37.065,200,37.065
2098,-70,32.92,200,32.92
2099,-50,34.285,200,34.285
2100,-70,36.485,200,36.485
2101,-42,34.4,200,34.4
2102,-116,32.22,200,32.22
2103,-70,33.055,200,33.055
2104,-70,34.385,200,34.385
2105,-78,33.605,200,33.605
2106,-58,35.235,200,35.235
2107,-42,36.485,200,36.485
2108,-64,33.05,200,33.05
2109,-42,34.4,200,34.4
2110,-72,33.085,200,33.085
2111,-42,34.4,200,34.4
2112,-64,33.05,200,33.05
2113,-54,33.775,200,33.775
2114,-38,37.065,200,37.065
2115,-42,34.4,200,34.4
2116,-42,36.16,200,36.16
2117,-42,36.485,200,36.485
2118,-88,33.43,200,33.43
2119,-42,34.4,200,34.4
2120,-42,34.4,200,34.4
2121,-38,37.065,200,37.065
2122,-106,33.705,200,33.705
2123,-70,35.265,200,35.265
2124,-124,31.115,200,31.115
2125,-38,37.065,200,37.065
2126,-76,34.155,200,34.155
2127,-38,37.065,200,37.065
2128,-104,33.135,200,33.135
2129,-54,35.67,200,35.67
2130,-64,33.05,200,33.05
2131,-42,34.4,200,34.4
2132,-42,34.4,200,34.4
2133,-42,34.4,200,34.4
2134,-58,34.185,200,34.185
2135,-70,32.92,200,32.92
2136,-94,32.07,200,32.07
2137,-42,34.4,200,34.4
2138,-78,32.1,200,32.1
2139,-42,34.4,200,34.4
2140,-42,34.4,200,34.4
2141,-64,32.915,200,32.915
2142,-64,34.81,200,34.81
2143,-62,33.175,200,33.175
2144,-80,32.73,200,32.73
2145,-54,33.775,200,33.775
2146,-84,34.695,200,34.695
2147,-42,34.4,200,34.4
2148,-42,34.4,200,34.4
2149,-38,37.065,200,37.065
2150,-38,37.065,200,37.065
2151,-38,37.065,200,37.065
2152,-42,34.4,200,34.4
2153,-42,34.4,200,34.4
2154,-42,34.4,200,34.4
2155,-108,34.04,200,34.04
2156,-42,34.4,200,34.4
2157,-70,34.955,200,34.955
2158,-52,36.185,200,36.185
2159,-120,32.96,200,32.96
2160,-78,34.36,200,34.36
2161,-46,36.0,200,36.0
2162,-50,35.695,200,35.695
2163,-42,36.365,200,36.365
2164,-80,34.84,200,34.84
2165,-38,37.065,200,37.065
2166,-84,32.98,200,32.98
2167,-50,36.39,200,36.39
2168,-98,34.17,200,34.17
2169,-56,35.725,200,35.725
2170,-42,36.365,200,36.365
2171,-42,34.4,200,34.4
2172,-38,37.065,200,37.065
2173,-64,35.775,200,35.775
2174,-38,37.065,200,37.065
2175,-42,36.485,200,36.485
2176,-42,36.485,200,36.485
2177,-38,37.065,200,37.065
2178,-38,37.065,200,37.065
2179,-42,36.485,200,36.485
2180,-38,37.065,200,37.065
2181,-38,37.065,200,37.065
2182,-38,37.065,200,37.065
2183,-72,34.42,200,34.42
2184,-64,33.35,200,33.35
2185,-52,35.8,200,35.8
2186,-42,34.4,200,34.4
2187,-56,35.725,200,35.725
2188,-38,37.065,200,37.065
2189,-50,35.695,200,35.695
2190,-82,32.585,200,32.585
2191,-38,37.065,200,37.065
2192,-42,34.4,200,34.4
2193,-42,34.4,200,34.4
2194,-74,32.375,200,32.375
2195,-64,33.35,200,33.35
2196,-62,33.68,200,33.68
2197,-38,37.065,200,37.065
2198,-60,33.335,200,33.335
2199,-50,34.285,200,34.285
2200,-92,33.155,200,33.155
2201,-42,34.4,200,34.4
2202,-54,35.825,200,35.825
2203,-42,34.4,200,34.4
2204,-50,34.285,200,34.285
2205,-42,34.4,200,34.4
2206,-42,34.4,200,34.4
2207,-58,33.64,200,33.64
2208,-64,33.66,200,33.66
2209,-98,31.865,200,31.865
2210,-42,34.4,200,34.4
2211,-38,37.065,200,37.065
2212,-42,36.485,200,36.485
2213,-38,37.065,200,37.065
2214,-42,34.4,200,34.4
2215,-50,34.285,200,34.285
2216,-38,37.065,200,37.065
2217,-42,34.4,200,34.4
2218,-50,34.285,200,34.285
2219,-62,33.68,200,33.68
2220,-50,34.285,200,34.285
2221,-42,34.4,200,34.4
2222,-42,34.4,200,34.4
2223,-42,34.4,200,34.4
2224,-42,34.4,200,34.4
2225,-42,34.4,200,34.4
2226,-42,34.4,200,34.4
2227,-62,34.895,200,34.895
2228,-50,34.285,200,34.285
2229,-42,34.4,200,34.4
2230,-42,34.4,200,34.4
2231,-42,34.4,200,34.4
2232,-42,34.4,200,34.4
2233,-50,34.285,200,34.285
2234,-56,33.465,200,33.465
2235,-58,33.64,200,33.64
2236,-42,34.4,200,34.4
2237,-42,34.4,200,34.4
2238,-42,34.4,200,34.4
2239,-42,34.4,200,34.4
2240,-50,34.285,200,34.285
2241,-76,34.83,200,34.83
2242,-38,37.065,200,37.065
2243,-42,34.4,200,34.4
2244,-42,34.4,200,34.4
2245,-50,34.285,200,34.285
2246,-58,34.185,200,34.185
2247,-50,34.285,200,34.285
2248,-42,34.4,200,34.4
2249,-70,34.72,200,34.72
2250,-64,33.5,200,33.5
2251,-42,34.4,200,34.4
2252,-42,34.4,200,34.4
2253,-42,36.485,200,36.485
2254,-54,33.775,200,33.775
2255,-64,33.05,200,33.05
2256,-42,34.4,200,34.4
2257,-42,34.4,200,34.4
2258,-42,34.4,200,34.4
2259,-42,34.4,200,34.4
2260,-50,34.285,200,34.285
2261,-42,34.4,200,34.4
2262,-58,34.185,200,34.185
2263,-42,34.4,200,34.4
2264,-54,33.775,200,33.775
2265,-62,33.175,200,33.175
2266,-42,34.4,200,34.4
2267,-42,34.4,200,34.4
2268,-42,34.4,200,34.4
2269,-42,34.4,200,34.4
2270,-42,34.4,200,34.4
2271,-42,34.4,200,34.4
2272,-42,34.4,200,34.4
2273,-42,34.4,200,34.4
2274,-42,34.4,200,34.4
2275,-38,37.065,200,37.065
2276,-94,33.825,200,33.825
2277,-172,33.585,200,33.585
2278,-202,33.39,200,33.39
2279,-42,36.365,200,36.365
2280,-72,33.32,200,33.32
2281,-38,37.065,200,37.065
2282,-112,32.45,200,32.45
2283,-66,35.145,200,35.145
2284,-86,34.98,200,34.98
2285,-42,36.485,200,36.485
2286,-50,36.39,200,36.39
2287,-64,33.545,200,33.545
2288,-42,34.4,200,34.4
2289,-114,32.515,200,32.515
2290,-42,36.365,200,36.365
2291,-38,37.065,200,37.065
2292,-130,32.63,200,32.63
2293,-96,33.4,200,33.4
2294,-164,32.405,200,32.405
2295,-42,34.4,200,34.4
2296,-72,33.41,200,33.41
2297,-58,33.64,200,33.64
2298,-104,30.76,200,30.76
2299,-42,36.485,200,36.485
2300,-50,34.285,200,34.285
2301,-42,34.4,200,34.4
2302,-42,34.4,200,34.4
2303,-54,33.775,200,33.775
2304,-54,35.825,200,35.825
2305,-42,34.4,200,34.4
2306,-38,37.065,200,37.065
2307,-42,34.4,200,34.4
2308,-84,34.2,200,34.2
2309,-92,32.035,200,32.035
2310,-104,33.085,200,33.085
2311,-92,34.48,200,34.48
2312,-38,37.065,200,37.065
2313,-42,34.4,200,34.4
2314,-42,36.365,200,36.365
2315,-42,36.485,200,36.485
2316,-42,34.4,200,34.4
2317,-64,35.775,200,35.775
2318,-54,35.375,200,35.375
2319,-114,31.215,200,31.215
2320,-262,25.34,200,25.34
2321,-42,34.4,200,34.4
2322,-42,34.4,200,34.4
2323,-120,29.83,200,29.83
2324,-50,36.39,200,36.39
2325,-62,33.68,200,33.68
2326,-78,34.485,200,34.485
2327,-38,37.065,200,37.065
2328,-42,34.4,200,34.4
2329,-134,30.71,200,30.71
2330,-54,33.775,200,33.775
2331,-42,34.4,200,34.4
2332,-76,32.23,200,32.23
2333,-50,34.285,200,34.285
2334,-42,34.4,200,34.4
2335,-42,34.4,200,34.4
2336,-94,31.7,200,31.7
2337,-96,31.225,200,31.225
2338,-64,35.355,200,35.355
2339,-50,36.39,200,36.39
2340,-60,33.335,200,33.335
2341,-64,32.915,200,32.915
2342,-42,34.4,200,34.4
2343,-62,33.68,200,33.68
2344,-70,32.63,200,32.63
2345,-104,31.035,200,31.035
2346,-126,30.02,200,30.02
2347,-42,36.16,200,36.16
2348,-38,37.065,200,37.065
2349,-72,33.085,200,33.085
2350,-52,36.025,200,36.025
2351,-42,34.4,200,34.4
2352,-42,34.4,200,34.4
2353,-42,34.4,200,34.4
2354,-70,33.015,200,33.015
2355,-42,34.4,200,34.4
2356,-42,34.4,200,34.4
2357,-38,37.065,200,37.065
2358,-42,34.4,200,34.4
2359,-38,37.065,200,37.065
2360,-84,34.37,200,34.37
2361,-38,37.065,200,37.065
2362,-68,33.24,200,33.24
2363,-64,33.545,200,33.545
2364,-46,36.0,200,36.0
2365,-42,36.485,200,36.485
2366,-42,34.4,200,34.4
2367,-50,34.285,200,34.285
2368,-42,34.4,200,34.4
2369,-68,32.635,200,32.635
2370,-42,36.485,200,36.485
2371,-58,33.64,200,33.64
2372,-42,34.4,200,34.4
2373,-42,34.4,200,34.4
2374,-42,34.4,200,34.4
2375,-50,34.285,200,34.285
2376,-42,34.4,200,34.4
2377,-80,33.99,200,33.99
2378,-42,36.365,200,36.365
2379,-54,35.67,200,35.67
2380,-60,33.335,200,33.335
2381,-38,37.065,200,37.065
2382,-42,34.4,200,34.4
2383,-38,37.065,200,37.065
2384,-106,33.94,200,33.94
2385,-46,36.0,200,36.0
2386,-38,37.065,200,37.065
2387,-42,36.16,200,36.16
2388,-42,34.4,200,34.4
2389,-42,34.4,200,34.4
2390,-42,34.4,200,34.4
2391,-42,34.4,200,34.4
2392,-42,36.16,200,36.16
2393,-38,37.065,200,37.065
2394,-58,34.185,200,34.185
2395,-96,30.93,200,30.93
2396,-54,33.775,200,33.775
2397,-42,34.4,200,34.4
2398,-92,33.765,200,33.765
2399,-110,30.945,200,30.945
2400,-84,32.965,200,32.965
2401,-42,36.485,200,36.485
2402,-206,25.14,200,25.14
2403,-50,34.285,200,34.285
2404,-118,30.075,200,30.075
2405,-56,33.465,200,33.465
2406,-58,34.185,200,34.185
2407,-42,34.4,200,34.4
2408,-42,34.4,200,34.4
2409,-56,33.465,200,33.465
2410,-114,31.27,200,31.27
2411,-42,34.4,200,34.4
2412,-64,33.66,200,33.66
2413,-42,34.4,200,34.4
2414,-68,32.635,200,32.635
2415,-62,33.175,200,33.175
2416,-42,34.4,200,34.4
2417,-42,34.4,200,34.4
2418,-42,34.4,200,34.4
2419,-58,35.235,200,35.235
2420,-42,34.4,200,34.4
2421,-42,34.4,200,34.4
2422,-90,31.705,200,31.705
2423,-42,34.4,200,34.4
2424,-64,33.5,200,33.5
2425,-42,34.4,200,34.4
2426,-64,33.35,200,33.35
2427,-64,33.545,200,33.545
2428,-42,34.4,200,34.4
2429,-42,34.4,200,34.4
2430,-42,34.4,200,34.4
2431,-42,34.4,200,34.4
2432,-38,37.065,200,37.065
2433,-42,34.4,200,34.4
2434,-42,34.4,200,34.4
2435,-54,33.775,200,33.775
2436,-42,34.4,200,34.4
2437,-64,33.66,200,33.66
2438,-152,27.615,200,27.615
2439,-42,34.4,200,34.4
2440,-42,34.4,200,34.4
2441,-82,32.37,200,32.37
2442,-42,34.4,200,34.4
2443,-42,34.4,200,34.4
2444,-42,34.4,200,34.4
2445,-42,34.4,200,34.4
2446,-62,33.175,200,33.175
2447,-42,34.4,200,34.4
2448,-42,34.4,200,34.4
2449,-42,36.16,200,36.16
2450,-42,34.4,200,34.4
2451,-42,34.4,200,34.4
2452,-42,34.4,200,34.4
2453,-42,34.4,200,34.4
2454,-76,32.185,200,32.185
2455,-82,32.13,200,32.13
2456,-42,34.4,200,34.4
2457,-62,33.175,200,33.175
2458,-52,35.51,200,35.51
2459,-62,33.39,200,33.39
2460,-42,34.4,200,34.4
2461,-50,34.285,200,34.285
2462,-64,33.5,200,33.5
2463,-42,34.4,200,34.4
2464,-50,34.285,200,34.285
2465,-42,34.4,200,34.4
2466,-42,34.4,200,34.4
2467,-42,36.365,200,36.365
2468,-50,34.285,200,34.285
2469,-50,34.285,200,34.285
2470,-68,32.415,200,32.415
2471,-38,37.065,200,37.065
2472,-42,34.4,200,34.4
2473,-38,37.065,200,37.065
2474,-42,34.4,200,34.4
2475,-42,34.4,200,34.4
2476,-50,34.285,200,34.285
2477,-42,36.365,200,36.365
2478,-42,34.4,200,34.4
2479,-50,35.695,200,35.695
2480,-42,34.4,200,34.4
2481,-42,34.4,200,34.4
2482,-46,36.0,200,36.0
2483,-102,33.96,200,33.96
2484,-58,34.185,200,34.185
2485,-42,36.365,200,36.365
2486,-42,34.4,200,34.4
2487,-42,34.4,200,34.4
2488,-42,34.4,200,34.4
2489,-42,34.4,200,34.4
2490,-42,34.4,200,34.4
2491,-58,33.64,200,33.64
2492,-42,34.4,200,34.4
2493,-42,34.4,200,34.4
2494,-50,34.285,200,34.285
2495,-42,34.4,200,34.4
2496,-42,34.4,200,34.4
2497,-64,35.86,200,35.86
2498,-58,34.185,200,34.185
2499,-42,34.4,200,34.4
2500,-42,34.4,200,34.4
2501,-42,34.4,200,34.4
2502,-42,34.4,200,34.4
2503,-64,33.66,200,33.66
