episode,step,reward,queue,action
1,0,0,0,1
1,1,-2,2,0
1,2,-1,1,1
1,3,-3,4,1
1,4,-1,3,0
1,5,-3,6,0
1,6,-4,10,0
1,7,-9,1,1
1,8,-3,4,0
1,9,-2,6,1
1,10,-3,9,1
1,11,-3,12,1
1,12,-2,14,1
1,13,-3,17,1
1,14,-10,7,0
1,15,-1,6,1
1,16,-3,9,0
1,17,-7,2,1
1,18,-2,4,1
1,19,-3,7,1
1,20,-2,9,1
1,21,-4,13,1
1,22,-2,15,1
1,23,-3,18,1
1,24,-9,9,0
1,25,-3,6,0
1,26,-4,10,0
1,27,-8,2,1
1,28,-2,4,0
1,29,-1,3,0
1,30,-3,6,0
1,31,-5,11,0
1,32,-10,1,1
1,33,-2,3,0
1,34,-1,4,0
1,35,-2,6,0
1,36,-4,2,1
1,37,-2,4,1
1,38,-4,8,1
1,39,-5,3,0
1,40,-2,5,0
1,41,-5,10,0
1,42,-3,13,0
1,43,-9,4,1
1,44,-1,5,0
1,45,-2,7,1
1,46,-3,10,1
1,47,-2,12,1
1,48,-9,3,0
1,49,-3,6,0
1,50,-2,4,1
1,51,-2,6,1
1,52,-3,3,0
1,53,-3,6,1
1,54,-4,10,0
1,55,-8,2,1
1,56,-3,5,0
1,57,-3,2,0
1,58,-4,6,1
1,59,-4,2,1
1,60,-3,5,1
1,61,-2,7,1
1,62,-3,10,1
1,63,-8,2,0
1,64,-3,5,1
1,65,-4,9,0
1,66,-8,1,1
1,67,-3,4,0
1,68,-2,6,1
1,69,-3,9,1
1,70,-3,12,1
1,71,-3,15,1
1,72,-9,6,0
1,73,0,6,0
1,74,-3,9,0
1,75,-4,13,0
1,76,-4,17,0
1,77,-4,21,0
1,78,-3,24,0
1,79,-4,28,0
1,80,-8,20,1
1,81,-12,8,1
1,82,-1,7,0
1,83,-13,20,0
1,84,-8,28,0
1,85,-5,33,0
1,86,-4,37,0
1,87,-1,38,0
1,88,-11,27,1
1,89,-16,11,0
1,90,-3,8,0
1,91,-13,21,1
1,92,0,21,1
1,93,-9,12,1
1,94,-6,6,0
1,95,-13,19,0
1,96,-15,34,0
1,97,-4,38,0
1,98,-13,25,1
1,99,-14,11,1
1,100,-4,7,0
1,101,-13,20,0
1,102,-1,21,1
1,103,-10,11,0
1,104,-4,7,1
1,105,-1,6,0
1,106,-12,18,1
1,107,-11,29,0
1,108,-8,21,1
1,109,-12,9,0
1,110,-2,7,1
1,111,-2,9,0
1,112,-9,18,1
1,113,-5,23,0
1,114,-9,14,1
1,115,-9,5,0
1,116,-4,9,0
1,117,-10,19,1
1,118,-5,24,0
1,119,-3,27,0
1,120,-4,31,0
1,121,-4,35,0
1,122,-3,38,0
1,123,-13,25,1
1,124,-13,12,1
1,125,-5,7,1
1,126,-3,10,1
1,127,-2,8,0
1,128,-11,19,0
1,129,-9,10,1
1,130,-7,3,0
1,131,-3,6,1
1,132,0,6,0
1,133,-4,10,1
1,134,-3,13,0
1,135,-3,16,0
1,136,-4,20,0
1,137,-9,11,1
1,138,-8,3,0
1,139,-3,6,0
1,140,-10,16,1
1,141,-8,8,1
1,142,-5,3,1
1,143,-3,6,1
1,144,-3,9,1
1,145,-6,3,0
1,146,-3,6,0
1,147,-4,10,0
1,148,-4,14,0
1,149,-4,18,0
1,150,-3,21,0
1,151,-9,12,1
1,152,-7,5,1
1,153,-2,7,1
1,154,-1,6,0
1,155,-4,10,1
1,156,-4,14,0
1,157,-4,18,0
1,158,-4,22,0
1,159,-3,25,0
1,160,-4,29,0
1,161,-4,33,0
1,162,-8,25,1
1,163,-14,11,0
1,164,-5,6,1
1,165,-3,9,1
1,166,-3,6,0
1,167,-7,13,0
1,168,-10,3,1
1,169,-1,4,1
1,170,-3,7,1
1,171,-2,9,1
1,172,-7,2,0
1,173,-3,5,0
1,174,-4,9,0
1,175,-8,1,1
1,176,-3,4,0
1,177,-2,6,1
1,178,-3,9,1
1,179,-7,2,0
1,180,-4,6,1
1,181,-4,2,1
1,182,-3,5,0
1,183,-2,7,1
1,184,-5,2,0
1,185,-4,6,0
1,186,-4,10,0
1,187,-9,1,1
1,188,-4,5,1
1,189,-1,4,0
1,190,-2,6,1
1,191,-5,1,1
1,192,-4,5,1
1,193,-2,7,1
1,194,-3,10,1
1,195,-7,3,0
1,196,-3,6,0
1,197,-4,2,1
1,198,-3,5,1
1,199,-2,7,1
2,0,0,0,1
2,1,-2,2,1
2,2,-5,7,0
2,3,-3,10,0
2,4,-3,13,0
2,5,-9,4,1
2,6,-1,5,0
2,7,-1,6,0
2,8,-4,10,1
2,9,-4,14,0
2,10,-4,18,0
2,11,-4,22,0
2,12,-10,12,1
2,13,-8,4,0
2,14,-2,6,1
2,15,0,6,0
2,16,-4,10,0
2,17,-3,13,0
2,18,-4,17,0
2,19,-4,21,0
2,20,-9,12,1
2,21,-8,4,0
2,22,-4,8,0
2,23,-10,18,0
2,24,-9,9,1
2,25,-5,4,0
2,26,-3,7,1
2,27,-3,4,0
2,28,-4,8,1
2,29,-7,1,1
2,30,-1,2,1
2,31,-5,7,1
2,32,-6,1,0
2,33,-4,5,1
2,34,-4,1,1
2,35,-3,4,0
2,36,-2,2,0
2,37,-3,5,0
2,38,-4,1,1
2,39,-3,4,1
2,40,-2,2,0
2,41,-3,5,1
2,42,-4,9,0
2,43,-3,12,0
2,44,-4,16,0
2,45,-4,20,0
2,46,-9,11,1
2,47,-7,4,0
2,48,-5,9,0
2,49,-8,17,0
2,50,-8,9,1
2,51,-5,4,0
2,52,-4,8,1
2,53,-5,3,0
2,54,-4,7,0
2,55,-3,10,0
2,56,-4,14,0
2,57,-4,18,0
2,58,-10,8,1
2,59,-4,4,1
2,60,-3,7,1
2,61,-2,9,1
2,62,-8,1,0
2,63,-4,5,0
2,64,-5,10,0
2,65,-8,2,1
2,66,-2,4,0
2,67,-3,7,1
2,68,-3,10,1
2,69,-3,13,1
2,70,-2,15,1
2,71,-9,6,0
2,72,0,6,0
2,73,-3,9,0
2,74,-4,13,0
2,75,-9,4,1
2,76,0,4,1
2,77,-3,7,1
2,78,-3,10,1
2,79,-2,12,1
2,80,-3,15,1
2,81,-3,18,1
2,82,-10,8,0
2,83,-3,5,0
2,84,-3,8,0
2,85,-8,0,1
2,86,-4,4,1
2,87,-2,6,1
2,88,-3,3,0
2,89,-3,6,0
2,90,-4,10,0
2,91,-3,13,0
2,92,-8,5,1
2,93,-1,4,1
2,94,-3,7,0
2,95,-3,10,0
2,96,-8,2,1
2,97,-2,4,0
2,98,-3,7,1
2,99,-5,2,0
2,100,-3,5,1
2,101,-4,9,0
2,102,-5,14,0
2,103,-3,17,0
2,104,-4,21,0
2,105,-9,12,1
2,106,-8,4,0
2,107,-4,8,1
2,108,-3,5,0
2,109,-5,10,1
2,110,-2,12,0
2,111,-5,17,0
2,112,-10,7,1
2,113,-3,4,1
2,114,-3,7,1
2,115,-4,3,0
2,116,-2,5,0
2,117,-4,1,1
2,118,-4,5,0
2,119,-2,7,1
2,120,-3,10,1
2,121,-8,2,0
2,122,-4,6,0
2,123,-4,10,0
2,124,-3,13,0
2,125,-7,6,1
2,126,-2,4,1
2,127,-2,6,0
2,128,-4,10,1
2,129,-3,13,0
2,130,-9,4,1
2,131,0,4,1
2,132,-3,7,1
2,133,-5,2,0
2,134,-3,5,1
2,135,-4,9,0
2,136,-7,2,1
2,137,-2,4,0
2,138,-2,6,1
2,139,-3,9,1
2,140,-4,13,1
2,141,-10,3,0
2,142,-2,5,0
2,143,-2,3,1
2,144,-2,5,0
2,145,-3,2,0
2,146,-3,5,1
2,147,-5,10,0
2,148,-9,1,1
2,149,-3,4,0
2,150,-3,7,1
2,151,-5,2,0
2,152,-4,6,0
2,153,-4,10,0
2,154,-4,14,0
2,155,-9,5,1
2,156,0,5,0
2,157,-1,6,0
2,158,-5,11,1
2,159,-9,2,1
2,160,-3,5,0
2,161,-2,3,0
2,162,-3,6,0
2,163,-4,2,1
2,164,-2,4,0
2,165,-4,8,1
2,166,-6,2,0
2,167,-4,6,0
2,168,-5,1,1
2,169,-3,4,0
2,170,-2,2,0
2,171,-3,5,0
2,172,-4,9,0
2,173,-7,2,1
2,174,-2,4,1
2,175,-4,0,0
2,176,-5,5,1
2,177,-4,9,0
2,178,-8,1,1
2,179,-3,4,0
2,180,-1,3,0
2,181,-3,6,1
2,182,-3,9,0
2,183,-4,13,0
2,184,-9,4,1
2,185,0,4,1
2,186,-3,7,0
2,187,-3,10,0
2,188,-8,2,1
2,189,-2,4,0
2,190,-1,3,0
2,191,-4,7,0
2,192,-6,1,1
2,193,-3,4,1
2,194,-2,2,0
2,195,-5,7,1
2,196,-5,2,1
2,197,-2,4,0
2,198,-3,7,1
2,199,-6,1,0
3,0,0,0,0
3,1,-2,2,1
3,2,-5,7,0
3,3,-3,10,0
3,4,-3,13,0
3,5,-9,4,1
3,6,-1,5,1
3,7,-2,7,1
3,8,-5,2,0
3,9,-4,6,0
3,10,-3,9,0
3,11,-4,13,0
3,12,-8,5,1
3,13,-1,4,1
3,14,-2,6,0
3,15,-4,10,0
3,16,-9,1,1
3,17,-3,4,1
3,18,0,4,0
3,19,-3,7,1
3,20,-6,1,1
3,21,-3,4,0
3,22,-2,2,0
3,23,-4,6,0
3,24,-4,10,0
3,25,-9,1,1
3,26,-3,4,0
3,27,-3,7,1
3,28,-5,2,0
3,29,-3,5,1
3,30,-2,3,1
3,31,-2,5,1
3,32,-4,1,0
3,33,-5,6,0
3,34,-5,1,1
3,35,-3,4,1
3,36,-2,2,0
3,37,-3,5,0
3,38,-4,9,0
3,39,-7,2,1
3,40,-2,4,0
3,41,-4,8,1
3,42,-6,2,0
3,43,-4,6,0
3,44,-3,9,0
3,45,-8,1,1
3,46,-4,5,1
3,47,-2,7,1
3,48,-5,2,0
3,49,-3,5,1
3,50,-4,9,0
3,51,-4,13,0
3,52,-9,4,1
3,53,0,4,1
3,54,-3,7,0
3,55,-3,10,1
3,56,-3,13,0
3,57,-8,5,1
3,58,-2,3,0
3,59,-3,6,1
3,60,-3,9,1
3,61,-7,2,0
3,62,-4,6,0
3,63,-4,2,1
3,64,-3,5,0
3,65,-3,2,0
3,66,-3,5,0
3,67,-5,10,0
3,68,-3,13,0
3,69,-3,16,0
3,70,-7,9,1
3,71,-5,4,0
3,72,-3,7,1
3,73,-5,2,0
3,74,-3,5,0
3,75,-3,2,1
3,76,-2,4,0
3,77,-3,7,1
3,78,-2,9,1
3,79,-3,12,1
3,80,-8,4,0
3,81,-2,6,0
3,82,-5,11,0
3,83,-3,14,0
3,84,-3,17,0
3,85,-8,9,1
3,86,-4,5,0
3,87,-1,6,0
3,88,-7,13,0
3,89,-8,5,1
3,90,-1,4,0
3,91,-3,7,0
3,92,-3,10,1
3,93,-4,14,0
3,94,-8,6,1
3,95,-1,5,0
3,96,-3,8,0
3,97,-3,11,1
3,98,-9,2,1
3,99,-2,4,1
3,100,-3,7,1
3,101,-5,2,0
3,102,-4,6,0
3,103,-5,1,1
3,104,-2,3,0
3,105,-3,6,1
3,106,-3,9,1
3,107,-3,12,1
3,108,-2,14,1
3,109,-8,6,0
3,110,0,6,0
3,111,-4,10,0
3,112,-3,13,0
3,113,-4,17,0
3,114,-8,9,1
3,115,-4,5,0
3,116,-3,8,1
3,117,-3,11,1
3,118,-9,2,0
3,119,-5,7,1
3,120,-3,10,0
3,121,-3,13,0
3,122,-4,17,0
3,123,-8,9,1
3,124,-4,5,1
3,125,-2,7,1
3,126,-3,10,1
3,127,-3,13,1
3,128,-9,4,0
3,129,-2,6,0
3,130,-3,9,0
3,131,-4,13,0
3,132,-4,17,0
3,133,-3,20,0
3,134,-3,23,0
3,135,-7,16,1
3,136,-11,5,0
3,137,-2,7,1
3,138,-3,10,1
3,139,-2,12,1
3,140,-4,16,1
3,141,-11,5,0
3,142,0,5,1
3,143,-5,10,0
3,144,-3,13,0
3,145,-4,17,0
3,146,-9,8,1
3,147,-4,4,1
3,148,-2,6,1
3,149,-3,9,1
3,150,-8,1,0
3,151,-4,5,0
3,152,-4,1,1
3,153,-3,4,0
3,154,-2,6,1
3,155,-3,9,1
3,156,-7,2,0
3,157,-3,5,1
3,158,-4,9,0
3,159,-4,13,0
3,160,-9,4,1
3,161,0,4,0
3,162,-3,7,1
3,163,-5,2,0
3,164,-5,7,0
3,165,-4,3,1
3,166,-3,6,1
3,167,-3,3,0
3,168,-3,6,0
3,169,-5,1,1
3,170,-4,5,1
3,171,-3,2,0
3,172,-4,6,0
3,173,-4,10,0
3,174,-3,13,0
3,175,-9,4,1
3,176,0,4,1
3,177,-2,6,0
3,178,-4,10,0
3,179,-4,14,0
3,180,-9,5,1
3,181,-1,4,0
3,182,-2,6,0
3,183,-4,10,0
3,184,-4,14,0
3,185,-3,17,0
3,186,-9,8,1
3,187,-4,4,1
3,188,-3,7,1
3,189,-2,9,1
3,190,-8,1,0
3,191,-4,5,0
3,192,-4,9,0
3,193,-3,12,0
3,194,-9,3,1
3,195,-1,4,0
3,196,-3,7,1
3,197,-5,2,0
3,198,-4,6,1
3,199,-4,2,1
4,0,0,0,0
4,1,-2,2,0
4,2,-5,7,0
4,3,-6,1,1
4,4,-3,4,0
4,5,-3,1,0
4,6,-4,5,1
4,7,-4,1,1
4,8,-2,3,0
4,9,0,3,0
4,10,-4,7,0
4,11,-4,11,0
4,12,-9,2,1
4,13,-2,4,0
4,14,-3,1,0
4,15,-4,5,0
4,16,-3,2,1
4,17,-2,4,1
4,18,-2,6,1
4,19,-3,3,0
4,20,-3,6,1
4,21,-4,2,1
4,22,-3,5,0
4,23,-2,7,1
4,24,-5,2,0
4,25,-4,6,0
4,26,-4,10,0
4,27,-4,14,0
4,28,-3,17,0
4,29,-4,21,0
4,30,-3,24,0
4,31,-9,15,1
4,32,-11,4,1
4,33,-2,6,1
4,34,-1,7,0
4,35,-7,14,0
4,36,-4,18,0
4,37,-3,21,0
4,38,-9,12,1
4,39,-8,4,0
4,40,-3,7,0
4,41,-11,18,0
4,42,-9,9,1
4,43,-5,4,0
4,44,-2,6,0
4,45,-8,14,1
4,46,-3,17,0
4,47,-7,10,1
4,48,-6,4,0
4,49,-4,8,0
4,50,-6,14,0
4,51,-11,3,1
4,52,-1,4,1
4,53,-3,7,0
4,54,-4,11,1
4,55,-8,3,1
4,56,-1,4,0
4,57,-3,7,1
4,58,-3,10,1
4,59,-3,13,1
4,60,-2,15,1
4,61,-3,18,1
4,62,-2,20,1
4,63,-4,24,1
4,64,-2,26,1
4,65,-3,29,1
4,66,-10,19,0
4,67,-11,8,1
4,68,-2,10,0
4,69,-4,6,1
4,70,-6,12,1
4,71,-3,15,1
4,72,-9,6,0
4,73,0,6,1
4,74,-3,9,0
4,75,-7,2,1
4,76,-2,4,1
4,77,-2,2,0
4,78,-3,5,1
4,79,-4,9,0
4,80,-7,2,1
4,81,-3,5,1
4,82,-3,2,0
4,83,-4,6,0
4,84,-3,3,1
4,85,-2,5,1
4,86,-2,3,0
4,87,-4,7,1
4,88,-4,3,1
4,89,-2,5,0
4,90,-4,1,0
4,91,-5,6,0
4,92,-5,1,1
4,93,-3,4,1
4,94,-1,3,0
4,95,-3,6,0
4,96,-5,1,1
4,97,-3,4,0
4,98,-1,3,0
4,99,-4,7,0
4,100,-3,10,0
4,101,-4,14,0
4,102,-3,17,0
4,103,-4,21,0
4,104,-8,13,1
4,105,-8,5,1
4,106,-3,8,1
4,107,-1,7,0
4,108,-4,11,1
4,109,-9,2,1
4,110,-3,5,0
4,111,-2,3,0
4,112,-4,7,0
4,113,-4,11,0
4,114,-9,2,1
4,115,-3,5,1
4,116,-2,3,0
4,117,-5,8,1
4,118,-3,11,0
4,119,-7,4,1
4,120,-1,5,0
4,121,-1,4,0
4,122,-5,9,0
4,123,-7,2,1
4,124,-3,5,1
4,125,-2,7,1
4,126,-3,10,1
4,127,-3,13,1
4,128,-10,3,0
4,129,-3,6,0
4,130,-4,10,0
4,131,-2,12,0
4,132,-5,17,0
4,133,-3,20,0
4,134,-10,10,1
4,135,-6,4,0
4,136,-5,9,0
4,137,-8,17,1
4,138,-3,20,0
4,139,-3,23,0
4,140,-4,27,0
4,141,-4,31,0
4,142,-4,35,0
4,143,-10,25,1
4,144,-14,11,0
4,145,-5,6,1
4,146,-2,8,0
4,147,-11,19,1
4,148,-9,28,0
4,149,-7,21,1
4,150,-12,9,1
4,151,-1,8,1
4,152,-3,11,1
4,153,-5,6,0
4,154,-3,9,0
4,155,-4,13,0
4,156,-3,16,0
4,157,-4,20,0
4,158,-4,24,0
4,159,-3,27,0
4,160,-4,31,0
4,161,-4,35,0
4,162,-3,38,0
4,163,-12,26,1
4,164,-16,10,0
4,165,-4,6,0
4,166,-11,17,0
4,167,-16,33,0
4,168,-5,38,0
4,169,0,38,0
4,170,-13,25,1
4,171,-15,10,0
4,172,-4,6,0
4,173,-14,20,0
4,174,-11,31,0
4,175,-6,25,1
4,176,-16,9,0
4,177,-3,6,1
4,178,-1,7,0
4,179,-12,19,1
4,180,-1,20,1
4,181,-9,11,1
4,182,-4,7,1
4,183,0,7,0
4,184,-13,20,1
4,185,-7,13,1
4,186,-10,3,0
4,187,-4,7,0
4,188,-11,18,1
4,189,-5,23,0
4,190,-2,25,0
4,191,-8,17,1
4,192,-11,6,1
4,193,-1,5,0
4,194,-14,19,0
4,195,-5,14,1
4,196,-10,4,1
4,197,0,4,0
4,198,-12,16,0
4,199,-7,9,1
5,0,0,0,1
5,1,-2,2,0
5,2,-1,1,1
5,3,-3,4,0
5,4,-2,6,1
5,5,-5,1,0
5,6,-5,6,0
5,7,-3,9,0
5,8,-4,13,0
5,9,-4,17,0
5,10,-9,8,1
5,11,-4,4,1
5,12,-4,8,0
5,13,-6,14,0
5,14,-10,4,1
5,15,0,4,0
5,16,-3,7,1
5,17,-5,2,0
5,18,-4,6,0
5,19,-4,10,0
5,20,-9,1,1
5,21,-3,4,0
5,22,-3,7,1
5,23,-4,3,0
5,24,-3,6,1
5,25,-4,10,0
5,26,-9,1,1
5,27,-4,5,1
5,28,-2,3,0
5,29,-3,6,1
5,30,-4,10,0
5,31,-3,13,0
5,32,-4,17,0
5,33,-9,8,1
5,34,-4,4,0
5,35,-3,7,1
5,36,-3,10,1
5,37,-9,1,0
5,38,-4,5,0
5,39,-4,9,0
5,40,-8,1,1
5,41,-4,5,1
5,42,-3,2,0
5,43,-4,6,0
5,44,-4,10,0
5,45,-9,1,1
5,46,-4,5,1
5,47,-2,3,0
5,48,-4,7,1
5,49,-5,2,1
5,50,-3,5,1
5,51,-2,7,1
5,52,-3,10,1
5,53,-7,3,0
5,54,-4,7,0
5,55,-5,2,1
5,56,-3,5,1
5,57,-2,7,1
5,58,-6,1,0
5,59,-4,5,0
5,60,-4,9,0
5,61,-7,2,1
5,62,-2,4,1
5,63,-3,7,1
5,64,-4,3,0
5,65,-3,6,0
5,66,-5,1,1
5,67,-3,4,1
5,68,-3,7,1
5,69,-6,1,0
5,70,-5,6,0
5,71,-4,2,1
5,72,-3,5,1
5,73,-2,7,1
5,74,-4,3,0
5,75,-3,6,1
5,76,-5,1,1
5,77,-3,4,1
5,78,-3,7,1
5,79,-5,2,0
5,80,-4,6,1
5,81,-4,10,0
5,82,-9,1,1
5,83,-3,4,1
5,84,-1,3,0
5,85,-4,7,0
5,86,-6,1,1
5,87,-3,4,0
5,88,-2,2,0
5,89,-3,5,1
5,90,-5,10,0
5,91,-8,2,1
5,92,-2,4,1
5,93,-3,7,1
5,94,-4,3,0
5,95,-3,6,1
5,96,-4,10,0
5,97,-3,13,0
5,98,-9,4,1
5,99,0,4,0
5,100,-2,6,0
5,101,-5,11,0
5,102,-4,15,0
5,103,-9,6,1
5,104,-2,4,0
5,105,-2,6,0
5,106,-4,10,1
5,107,-8,2,1
5,108,-2,4,0
5,109,-3,7,1
5,110,-5,2,0
5,111,-3,5,1
5,112,-4,9,0
5,113,-4,13,0
5,114,-8,5,1
5,115,0,5,1
5,116,0,5,0
5,117,-5,10,1
5,118,-4,14,0
5,119,-9,5,1
5,120,0,5,0
5,121,-2,7,1
5,122,-5,2,0
5,123,-5,7,1
5,124,-5,2,1
5,125,-2,4,0
5,126,-2,2,0
5,127,-4,6,0
5,128,-5,1,1
5,129,-3,4,0
5,130,-3,1,0
5,131,-4,5,0
5,132,-4,1,1
5,133,-3,4,0
5,134,-2,6,1
5,135,-4,2,0
5,136,-4,6,1
5,137,-5,1,1
5,138,-2,3,1
5,139,-3,6,1
5,140,-3,9,1
5,141,-2,11,1
5,142,-10,1,0
5,143,-5,6,0
5,144,-2,8,0
5,145,-4,12,0
5,146,-9,3,1
5,147,-1,4,1
5,148,-2,6,1
5,149,-3,9,1
5,150,-6,3,0
5,151,-3,6,0
5,152,-4,2,1
5,153,-2,4,1
5,154,-2,2,0
5,155,-5,7,1
5,156,-3,10,0
5,157,-3,13,0
5,158,-9,4,1
5,159,0,4,0
5,160,-2,6,0
5,161,-3,9,1
5,162,-4,13,0
5,163,-4,17,0
5,164,-4,21,0
5,165,-8,13,1
5,166,-7,6,0
5,167,-1,7,0
5,168,-10,17,1
5,169,-10,7,1
5,170,-2,5,0
5,171,0,5,0
5,172,-8,13,0
5,173,-3,16,0
5,174,-4,20,0
5,175,-3,23,0
5,176,-4,27,0
5,177,-8,19,1
5,178,-13,6,0
5,179,0,6,0
5,180,-14,20,1
5,181,-5,15,1
5,182,-10,5,1
5,183,-1,6,0
5,184,-14,20,0
5,185,-3,23,0
5,186,-8,15,1
5,187,-11,4,0
5,188,-3,7,1
5,189,-2,9,1
5,190,-3,12,1
5,191,-10,2,0
5,192,-3,5,1
5,193,-3,2,1
5,194,-2,4,1
5,195,-4,8,1
5,196,-7,1,0
5,197,-4,5,0
5,198,-4,9,0
5,199,-3,12,0
6,0,0,0,1
6,1,-2,2,1
6,2,-5,7,0
6,3,-3,10,0
6,4,-8,2,1
6,5,-3,5,1
6,6,-4,1,0
6,7,-5,6,0
6,8,-4,2,1
6,9,-3,5,0
6,10,-3,8,1
6,11,-7,1,0
6,12,-5,6,0
6,13,-4,10,0
6,14,-3,13,0
6,15,-4,17,0
6,16,-3,20,0
6,17,-8,12,1
6,18,-7,5,1
6,19,-3,8,0
6,20,-8,16,0
6,21,-9,7,1
6,22,-2,5,0
6,23,-1,6,0
6,24,-6,12,0
6,25,-4,16,0
6,26,-4,20,0
6,27,-9,11,1
6,28,-6,5,1
6,29,-2,7,1
6,30,-3,10,1
6,31,-8,2,0
6,32,-3,5,0
6,33,-4,1,1
6,34,-3,4,1
6,35,-3,7,1
6,36,-4,3,0
6,37,-2,5,1
6,38,-5,10,0
6,39,-8,2,1
6,40,-2,4,1
6,41,-2,2,0
6,42,-3,5,1
6,43,-3,2,1
6,44,-2,4,0
6,45,-3,7,1
6,46,-4,3,0
6,47,-3,6,1
6,48,-4,2,1
6,49,-3,5,1
6,50,-3,8,1
6,51,-5,3,0
6,52,-3,6,0
6,53,-5,1,1
6,54,-2,3,0
6,55,-3,6,1
6,56,-4,2,0
6,57,-4,6,1
6,58,-3,9,0
6,59,-7,2,1
6,60,-2,4,0
6,61,-4,8,1
6,62,-1,9,1
6,63,-7,2,0
6,64,-5,7,1
6,65,-5,2,1
6,66,-2,4,0
6,67,-4,8,1
6,68,-2,10,1
6,69,-2,12,1
6,70,-9,3,0
6,71,-4,7,1
6,72,-3,4,1
6,73,-2,6,0
6,74,-3,3,0
6,75,-4,7,1
6,76,-6,1,1
6,77,-3,4,1
6,78,-3,7,1
6,79,-5,2,0
6,80,-3,5,0
6,81,-5,10,0
6,82,-3,13,0
6,83,-8,5,1
6,84,0,5,0
6,85,-1,6,0
6,86,-3,9,0
6,87,-7,2,1
6,88,-3,5,0
6,89,-2,7,1
6,90,-3,10,1
6,91,-8,2,0
6,92,-4,6,1
6,93,-3,9,0
6,94,-4,13,0
6,95,-8,5,1
6,96,-1,4,0
6,97,-3,7,1
6,98,-4,3,0
6,99,-3,6,0
6,100,-4,10,0
6,101,-4,14,0
6,102,-9,5,1
6,103,-1,4,0
6,104,-2,6,0
6,105,-4,10,1
6,106,-8,2,1
6,107,-3,5,0
6,108,-2,7,1
6,109,-4,3,0
6,110,-3,6,0
6,111,-5,1,1
6,112,-3,4,1
6,113,-3,7,1
6,114,-4,3,0
6,115,-3,6,1
6,116,-2,8,0
6,117,-5,13,0
6,118,-9,4,1
6,119,0,4,1
6,120,-3,7,0
6,121,-3,10,1
6,122,-9,1,1
6,123,-3,4,0
6,124,-2,2,0
6,125,-4,6,1
6,126,-5,11,0
6,127,-9,2,1
6,128,-2,4,1
6,129,-2,2,0
6,130,-4,6,1
6,131,-5,1,1
6,132,-4,5,1
6,133,-2,7,1
6,134,-5,2,0
6,135,-3,5,1
6,136,-4,9,0
6,137,-8,1,1
6,138,-2,3,0
6,139,-2,5,1
6,140,-3,2,0
6,141,-3,5,1
6,142,-3,2,1
6,143,-2,4,1
6,144,-3,1,0
6,145,-5,6,1
6,146,-5,1,1
6,147,-3,4,1
6,148,-2,6,1
6,149,-3,9,1
6,150,-3,12,1
6,151,-9,3,0
6,152,-3,6,1
6,153,-4,2,1
6,154,-3,5,0
6,155,-3,2,0
6,156,-4,6,1
6,157,-4,2,1
6,158,-2,4,1
6,159,-3,1,0
6,160,-4,5,1
6,161,-3,2,1
6,162,-3,5,1
6,163,-3,2,0
6,164,-4,6,0
6,165,-3,3,1
6,166,-3,6,1
6,167,-2,8,1
6,168,-3,11,1
6,169,-8,3,0
6,170,-4,7,1
6,171,-5,2,1
6,172,-3,5,1
6,173,-3,2,0
6,174,-4,6,0
6,175,-5,1,1
6,176,-3,4,0
6,177,-2,6,1
6,178,-3,9,1
6,179,-3,12,1
6,180,-10,2,0
6,181,-5,7,1
6,182,-2,9,0
6,183,-4,13,0
6,184,-4,17,0
6,185,-10,7,1
6,186,-4,3,0
6,187,-3,6,1
6,188,-3,9,1
6,189,-2,11,1
6,190,-10,1,0
6,191,-4,5,0
6,192,-4,9,0
6,193,-4,13,0
6,194,-3,16,0
6,195,-10,6,1
6,196,-2,4,0
6,197,-2,6,0
6,198,-6,12,1
6,199,-9,3,1
7,0,0,0,0
7,1,-2,2,1
7,2,-5,7,0
7,3,-6,1,1
7,4,-3,4,1
7,5,-4,8,1
7,6,-2,10,1
7,7,-3,13,1
7,8,-2,15,1
7,9,-7,8,0
7,10,-1,7,1
7,11,-2,5,1
7,12,-3,8,0
7,13,-3,11,1
7,14,-10,1,0
7,15,-5,6,1
7,16,-5,1,1
7,17,-3,4,0
7,18,-1,3,0
7,19,-4,7,1
7,20,-4,11,0
7,21,-3,14,0
7,22,-9,5,1
7,23,-1,4,0
7,24,-3,7,1
7,25,-3,10,1
7,26,-2,12,1
7,27,-3,15,1
7,28,-2,17,1
7,29,-3,20,1
7,30,-8,12,0
7,31,-7,5,1
7,32,-4,9,0
7,33,-7,2,1
7,34,-3,5,0
7,35,-3,8,1
7,36,-3,11,1
7,37,-10,1,0
7,38,-5,6,0
7,39,-3,9,0
7,40,-8,1,1
7,41,-3,4,0
7,42,-3,7,1
7,43,-2,9,1
7,44,-6,3,0
7,45,-3,6,0
7,46,-4,2,1
7,47,-2,4,1
7,48,-2,6,1
7,49,-4,2,0
7,50,-4,6,1
7,51,-5,1,1
7,52,-3,4,1
7,53,-1,3,0
7,54,-3,6,1
7,55,-5,11,0
7,56,-9,2,1
7,57,-3,5,1
7,58,-3,8,1
7,59,-6,2,0
7,60,-4,6,0
7,61,-4,10,0
7,62,-3,13,0
7,63,-3,16,0
7,64,-9,7,1
7,65,-3,4,1
7,66,-3,7,1
7,67,-3,10,1
7,68,-2,12,1
7,69,-3,15,1
7,70,-8,7,0
7,71,-1,6,0
7,72,0,6,1
7,73,-2,8,0
7,74,-3,11,1
7,75,-3,14,1
7,76,-9,5,0
7,77,-1,6,0
7,78,-2,4,1
7,79,-3,7,0
7,80,-3,10,1
7,81,-8,2,0
7,82,-3,5,0
7,83,-4,9,0
7,84,-7,2,1
7,85,-3,5,1
7,86,-3,8,1
7,87,-2,10,1
7,88,-7,3,0
7,89,-2,5,0
7,90,-4,1,1
7,91,-3,4,0
7,92,-2,2,0
7,93,-5,7,1
7,94,-5,2,1
7,95,-3,5,1
7,96,-3,8,1
7,97,-3,11,1
7,98,-2,13,1
7,99,-3,16,1
7,100,-9,7,0
7,101,-1,6,0
7,102,0,6,1
7,103,-3,9,0
7,104,-3,12,1
7,105,-9,3,0
7,106,-3,6,1
7,107,-3,9,0
7,108,-8,1,1
7,109,-3,4,0
7,110,-1,3,0
7,111,-4,7,1
7,112,-6,1,1
7,113,-3,4,1
7,114,-1,3,0
7,115,-2,5,1
7,116,-4,9,0
7,117,-7,2,1
7,118,-3,5,1
7,119,-3,2,0
7,120,-5,7,0
7,121,-3,10,0
7,122,-9,1,1
7,123,-3,4,1
7,124,-3,7,1
7,125,-4,3,0
7,126,-4,7,1
7,127,-5,2,1
7,128,-3,5,1
7,129,-2,7,1
7,130,-2,9,1
7,131,-4,13,1
7,132,-2,15,1
7,133,-9,6,0
7,134,-1,5,0
7,135,-4,9,0
7,136,-3,12,0
7,137,-9,3,1
7,138,0,3,1
7,139,-2,5,0
7,140,-3,8,0
7,141,-4,12,0
7,142,-4,16,0
7,143,-3,19,0
7,144,-4,23,0
7,145,-8,15,1
7,146,-10,5,1
7,147,-3,8,0
7,148,-12,20,1
7,149,-7,13,1
7,150,-7,6,0
7,151,-3,9,0
7,152,-8,17,1
7,153,-4,21,0
7,154,-10,11,1
7,155,-7,4,1
7,156,-3,7,1
7,157,-1,6,0
7,158,-3,9,0
7,159,-7,2,1
7,160,-2,4,1
7,161,-3,7,1
7,162,-3,10,1
7,163,-8,2,0
7,164,-5,7,1
7,165,-4,3,1
7,166,-2,5,1
7,167,-2,3,0
7,168,-4,7,1
7,169,-6,1,1
7,170,-3,4,1
7,171,-3,7,1
7,172,-5,2,0
7,173,-3,5,0
7,174,-4,9,0
7,175,-8,1,1
7,176,-3,4,0
7,177,-2,2,0
7,178,-4,6,1
7,179,-4,2,1
7,180,-2,4,1
7,181,-2,2,0
7,182,-3,5,1
7,183,-4,1,1
7,184,-2,3,1
7,185,-1,2,0
7,186,-4,6,1
7,187,-5,1,1
7,188,-4,5,0
7,189,-2,3,0
7,190,-2,5,0
7,191,-4,9,0
7,192,-4,13,0
7,193,-9,4,1
7,194,-1,5,1
7,195,-2,7,1
7,196,-6,1,0
7,197,-4,5,0
7,198,-4,9,0
7,199,-7,2,1
8,0,0,0,0
8,1,-2,2,1
8,2,-1,1,1
8,3,-3,4,0
8,4,-2,6,1
8,5,-5,1,0
8,6,-5,6,1
8,7,-5,1,1
8,8,-2,3,0
8,9,-3,6,1
8,10,-3,9,1
8,11,-2,11,1
8,12,-3,14,1
8,13,-9,5,0
8,14,-1,6,1
8,15,-3,3,1
8,16,-3,6,0
8,17,-4,2,0
8,18,-4,6,1
8,19,-3,9,0
8,20,-4,13,0
8,21,-9,4,1
8,22,0,4,0
8,23,-2,6,0
8,24,-4,10,1
8,25,-8,2,1
8,26,-1,3,0
8,27,-3,6,1
8,28,-3,9,1
8,29,-8,1,0
8,30,-5,6,1
8,31,-3,9,0
8,32,-7,2,1
8,33,-1,3,1
8,34,-1,2,0
8,35,-4,6,1
8,36,-4,10,0
8,37,-9,1,1
8,38,-4,5,1
8,39,-2,7,1
8,40,-3,10,1
8,41,-3,13,1
8,42,-2,15,1
8,43,-3,18,1
8,44,-2,20,1
8,45,-3,23,1
8,46,-3,26,1
8,47,-3,29,1
8,48,-2,31,1
8,49,-9,22,0
8,50,-11,11,0
8,51,-1,10,0
8,52,-3,13,0
8,53,-4,17,0
8,54,-4,21,0
8,55,-8,13,1
8,56,-8,5,0
8,57,-2,7,1
8,58,0,7,0
8,59,-3,10,0
8,60,-4,14,0
8,61,-4,18,0
8,62,-9,9,1
8,63,-5,4,1
8,64,-3,7,1
8,65,-2,9,1
8,66,-3,12,1
8,67,-8,4,0
8,68,-2,6,0
8,69,-4,2,1
8,70,-3,5,1
8,71,-3,2,0
8,72,-4,6,0
8,73,-3,9,0
8,74,-7,2,1
8,75,-3,5,0
8,76,-3,8,1
8,77,-2,10,1
8,78,-8,2,0
8,79,-3,5,1
8,80,-3,2,1
8,81,-3,5,1
8,82,-3,8,1
8,83,-6,2,0
8,84,-3,5,1
8,85,-4,1,1
8,86,-3,4,1
8,87,-1,3,0
8,88,-3,6,0
8,89,-3,9,0
8,90,-8,1,1
8,91,-3,4,1
8,92,-2,2,0
8,93,-5,7,1
8,94,-5,2,1
8,95,-3,5,1
8,96,-2,3,0
8,97,-3,6,1
8,98,-5,1,1
8,99,-3,4,1
8,100,-3,7,1
8,101,-3,10,1
8,102,-8,2,0
8,103,-4,6,1
8,104,-3,9,0
8,105,-7,2,1
8,106,-2,4,0
8,107,-1,3,0
8,108,-4,7,1
8,109,-4,11,0
8,110,-10,1,1
8,111,-2,3,0
8,112,-3,6,1
8,113,-3,9,1
8,114,-3,12,1
8,115,-10,2,0
8,116,-2,4,0
8,117,-1,3,1
8,118,-3,6,1
8,119,-2,4,0
8,120,-3,7,1
8,121,-3,10,0
8,122,-3,13,0
8,123,-8,5,1
8,124,0,5,0
8,125,-2,7,1
8,126,-6,1,0
8,127,-4,5,0
8,128,-4,9,0
8,129,-3,12,0
8,130,-9,3,1
8,131,-1,4,1
8,132,0,4,0
8,133,-5,9,1
8,134,-3,12,0
8,135,-8,4,1
8,136,-1,5,0
8,137,0,5,0
8,138,-4,9,0
8,139,-8,1,1
8,140,-4,5,0
8,141,-3,2,0
8,142,-3,5,1
8,143,-3,2,1
8,144,-2,4,1
8,145,-3,7,1
8,146,-6,1,0
8,147,-4,5,1
8,148,-4,9,0
8,149,-6,3,1
8,150,-3,6,1
8,151,-3,3,0
8,152,-3,6,0
8,153,-4,10,0
8,154,-9,1,1
8,155,-3,4,1
8,156,0,4,0
8,157,-3,7,0
8,158,-6,1,1
8,159,-3,4,1
8,160,-2,2,0
8,161,-4,6,1
8,162,-3,9,0
8,163,-7,2,1
8,164,-2,4,0
8,165,-1,3,0
8,166,-3,6,1
8,167,-5,1,1
8,168,-2,3,0
8,169,-3,6,1
8,170,-4,2,0
8,171,-3,5,0
8,172,-3,2,1
8,173,-3,5,0
8,174,-3,2,0
8,175,-4,6,1
8,176,-5,1,1
8,177,-3,4,0
8,178,-3,7,1
8,179,-2,9,1
8,180,-3,12,1
8,181,-10,2,0
8,182,-3,5,0
8,183,-2,3,1
8,184,-2,5,1
8,185,-4,1,0
8,186,-5,6,1
8,187,-4,2,1
8,188,-2,4,1
8,189,-1,3,0
8,190,-3,6,1
8,191,-4,2,1
8,192,-3,5,1
8,193,-2,7,1
8,194,-3,10,1
8,195,-8,2,0
8,196,-4,6,1
8,197,-4,10,0
8,198,-4,14,0
8,199,-10,4,1
9,0,0,0,1
9,1,-2,2,0
9,2,-1,1,1
9,3,-3,4,1
9,4,-1,3,0
9,5,-3,6,0
9,6,-4,10,0
9,7,-3,13,0
9,8,-4,17,0
9,9,-7,10,1
9,10,-5,5,1
9,11,-3,8,1
9,12,-2,10,1
9,13,-7,3,0
9,14,-3,6,1
9,15,-4,10,0
9,16,-9,1,1
9,17,-3,4,0
9,18,-2,6,1
9,19,-3,9,1
9,20,-3,12,1
9,21,-2,14,1
9,22,-4,18,1
9,23,-2,20,1
9,24,-3,23,1
9,25,-3,26,1
9,26,-2,28,1
9,27,-3,31,1
9,28,-3,34,1
9,29,-2,36,1
9,30,-10,26,0
9,31,-13,13,1
9,32,-6,7,1
9,33,-12,19,1
9,34,-12,31,1
9,35,-10,21,0
9,36,-9,12,0
9,37,-5,7,1
9,38,-11,18,0
9,39,-9,27,1
9,40,-3,30,1
9,41,-3,33,1
9,42,-3,36,1
9,43,-2,38,1
9,44,-11,27,0
9,45,-12,15,1
9,46,-7,8,1
9,47,-12,20,0
9,48,-1,21,0
9,49,-10,11,1
9,50,-4,7,1
9,51,-11,18,0
9,52,-10,28,1
9,53,-8,20,0
9,54,-11,9,1
9,55,-1,10,0
9,56,-2,8,1
9,57,-6,14,0
9,58,-2,16,1
9,59,-3,19,1
9,60,-3,22,1
9,61,-8,14,0
9,62,-8,6,0
9,63,-4,10,0
9,64,-7,3,1
9,65,-3,6,1
9,66,-3,9,1
9,67,-3,12,1
9,68,-2,14,1
9,69,-9,5,0
9,70,-1,6,1
9,71,-3,9,0
9,72,-8,1,1
9,73,-3,4,1
9,74,-3,7,1
9,75,-5,2,0
9,76,-4,6,1
9,77,-4,2,1
9,78,-2,4,1
9,79,-2,2,0
9,80,-3,5,0
9,81,-5,10,0
9,82,-9,1,1
9,83,-3,4,0
9,84,-3,7,1
9,85,-5,2,0
9,86,-5,7,1
9,87,-5,2,1
9,88,-3,5,1
9,89,-3,2,0
9,90,-4,6,1
9,91,-4,2,1
9,92,-2,4,1
9,93,-3,7,1
9,94,-3,10,1
9,95,-3,13,1
9,96,-9,4,0
9,97,-2,6,1
9,98,-3,3,1
9,99,-3,6,1
9,100,-4,2,0
9,101,-4,6,1
9,102,-4,10,0
9,103,-8,2,1
9,104,-3,5,1
9,105,-3,2,0
9,106,-4,6,0
9,107,-4,2,1
9,108,-2,4,0
9,109,-3,7,1
9,110,-5,2,0
9,111,-3,5,1
9,112,-4,9,0
9,113,-7,2,1
9,114,-2,4,1
9,115,-3,7,1
9,116,-3,10,1
9,117,-3,13,1
9,118,-10,3,0
9,119,-4,7,1
9,120,-4,3,1
9,121,-3,6,1
9,122,-2,8,1
9,123,-7,1,0
9,124,-4,5,1
9,125,-3,2,1
9,126,-3,5,0
9,127,-2,7,1
9,128,-4,11,1
9,129,-1,12,1
9,130,-10,2,0
9,131,-3,5,1
9,132,-2,3,1
9,133,-3,6,0
9,134,-3,9,1
9,135,-6,3,0
9,136,-3,6,0
9,137,-3,9,0
9,138,-5,14,0
9,139,-3,17,0
9,140,-8,9,1
9,141,-4,5,1
9,142,-3,8,1
9,143,-2,10,1
9,144,-3,13,1
9,145,-3,16,1
9,146,-9,7,0
9,147,-1,6,0
9,148,-3,9,0
9,149,-4,13,0
9,150,-4,17,0
9,151,-9,8,1
9,152,-3,5,1
9,153,-2,7,1
9,154,-5,2,0
9,155,-5,7,1
9,156,-5,2,1
9,157,-2,4,0
9,158,-3,7,1
9,159,-3,10,1
9,160,-7,3,0
9,161,-4,7,0
9,162,-5,2,1
9,163,-2,4,0
9,164,-1,3,0
9,165,-3,6,1
9,166,-3,9,0
9,167,-4,13,0
9,168,-9,4,1
9,169,0,4,0
9,170,-1,5,0
9,171,-4,9,0
9,172,-8,1,1
9,173,-3,4,1
9,174,-3,7,1
9,175,-3,10,1
9,176,-2,12,1
9,177,-3,15,1
9,178,-9,6,0
9,179,-1,7,1
9,180,-3,10,0
9,181,-3,13,0
9,182,-8,5,1
9,183,-1,4,0
9,184,-2,6,0
9,185,-4,10,1
9,186,-9,1,1
9,187,-3,4,0
9,188,-3,7,1
9,189,-2,9,1
9,190,-3,12,1
9,191,-3,15,1
9,192,-9,6,0
9,193,0,6,1
9,194,-3,9,0
9,195,-8,1,1
9,196,-3,4,1
9,197,-2,6,1
9,198,-3,9,1
9,199,-8,1,0
10,0,0,0,1
10,1,-2,2,0
10,2,-5,7,0
10,3,-3,10,0
10,4,-8,2,1
10,5,-3,5,1
10,6,-3,8,1
10,7,-7,1,0
10,8,-4,5,1
10,9,-4,9,0
10,10,-7,2,1
10,11,-2,4,0
10,12,-2,2,0
10,13,-4,6,0
10,14,-5,1,1
10,15,-3,4,0
10,16,-2,2,0
10,17,-3,5,1
10,18,-4,1,1
10,19,-3,4,1
10,20,-3,1,0
10,21,-4,5,0
10,22,-4,1,1
10,23,-3,4,0
10,24,-2,6,1
10,25,-4,10,1
10,26,-2,12,1
10,27,-3,15,1
10,28,-3,18,1
10,29,-2,20,1
10,30,-9,11,0
10,31,-6,5,1
10,32,-2,7,1
10,33,-7,14,1
10,34,-10,4,0
10,35,-3,7,1
10,36,-2,5,1
10,37,-2,7,1
10,38,-3,10,1
10,39,-7,3,0
10,40,-3,6,0
10,41,-4,10,0
10,42,-8,2,1
10,43,-2,4,1
10,44,-1,3,0
10,45,-4,7,0
10,46,-5,2,1
10,47,-2,4,1
10,48,-2,2,0
10,49,-4,6,1
10,50,-4,10,0
10,51,-3,13,0
10,52,-8,5,1
10,53,0,5,1
10,54,-2,7,1
10,55,-2,9,1
10,56,-3,12,1
10,57,-9,3,0
10,58,-3,6,0
10,59,-3,9,0
10,60,-8,1,1
10,61,-3,4,1
10,62,-3,7,1
10,63,-4,3,0
10,64,-3,6,1
10,65,-3,9,0
10,66,-4,13,0
10,67,-8,5,1
10,68,0,5,1
10,69,-1,6,0
10,70,-3,9,0
10,71,-4,13,0
10,72,-8,5,1
10,73,-1,4,0
10,74,-1,5,0
10,75,-4,9,0
10,76,-8,1,1
10,77,-3,4,0
10,78,-2,6,1
10,79,-3,9,1
10,80,-2,11,1
10,81,-4,15,1
10,82,-11,4,0
10,83,-1,5,1
10,84,-1,6,1
10,85,-2,8,1
10,86,-3,11,1
10,87,-2,13,1
10,88,-3,16,1
10,89,-9,7,0
10,90,-2,5,1
10,91,-1,6,1
10,92,-3,9,1
10,93,-2,11,1
10,94,-3,14,1
10,95,-3,17,1
10,96,-3,20,1
10,97,-2,22,1
10,98,-3,25,1
10,99,-10,15,0
10,100,-10,5,1
10,101,-5,10,0
10,102,-3,13,0
10,103,-4,17,0
10,104,-4,21,0
10,105,-9,12,1
10,106,-8,4,1
10,107,-3,7,1
10,108,-3,10,1
10,109,-3,13,1
10,110,-10,3,0
10,111,-2,5,1
10,112,-2,3,1
10,113,-3,6,0
10,114,-3,3,0
10,115,-3,6,0
10,116,-5,1,1
10,117,-3,4,1
10,118,-1,3,0
10,119,-4,7,1
10,120,-6,1,1
10,121,-3,4,0
10,122,-1,3,0
10,123,-4,7,1
10,124,-3,10,0
10,125,-4,14,0
10,126,-9,5,1
10,127,-1,4,0
10,128,-3,7,1
10,129,-2,9,1
10,130,-2,11,1
10,131,-4,15,1
10,132,-2,17,1
10,133,-3,20,1
10,134,-9,11,0
10,135,-6,5,1
10,136,-4,9,0
10,137,-6,3,1
10,138,-2,5,1
10,139,-3,2,0
10,140,-3,5,1
10,141,-4,9,0
10,142,-3,12,0
10,143,-9,3,1
10,144,0,3,0
10,145,-2,5,0
10,146,-5,10,0
10,147,-3,13,0
10,148,-8,5,1
10,149,-1,4,0
10,150,-3,7,1
10,151,-2,9,1
10,152,-3,12,1
10,153,-8,4,0
10,154,-3,7,0
10,155,-4,3,1
10,156,-3,6,1
10,157,-3,9,1
10,158,-2,11,1
10,159,-3,14,1
10,160,-2,16,1
10,161,-9,7,0
10,162,-2,5,1
10,163,-4,9,0
10,164,-4,13,0
10,165,-4,17,0
10,166,-10,7,1
10,167,-3,4,1
10,168,-3,7,1
10,169,-2,9,1
10,170,-8,1,0
10,171,-4,5,1
10,172,-3,2,1
10,173,-3,5,0
10,174,-3,2,0
10,175,-4,6,1
10,176,-3,9,0
10,177,-7,2,1
10,178,-3,5,1
10,179,-2,7,1
10,180,-6,1,0
10,181,-5,6,1
10,182,-4,2,1
10,183,-2,4,0
10,184,-2,6,1
10,185,-3,9,1
10,186,-3,12,1
10,187,-3,15,1
10,188,-10,5,0
10,189,-2,7,1
10,190,-2,5,1
10,191,-2,7,1
10,192,-3,10,1
10,193,-2,12,1
10,194,-3,15,1
10,195,-3,18,1
10,196,-9,9,0
10,197,-4,5,0
10,198,-1,6,1
10,199,-5,11,0
11,0,0,0,0
11,1,-2,2,0
11,2,-1,1,1
11,3,-3,4,1
11,4,-1,3,0
11,5,-3,6,0
11,6,-4,10,0
11,7,-9,1,1
11,8,-3,4,1
11,9,-2,6,1
11,10,-5,1,0
11,11,-5,6,0
11,12,-3,9,0
11,13,-4,13,0
11,14,-3,16,0
11,15,-7,9,1
11,16,-3,6,1
11,17,0,6,0
11,18,-6,12,0
11,19,-9,3,1
11,20,0,3,1
11,21,-1,4,0
11,22,-3,7,1
11,23,-4,11,0
11,24,-4,15,0
11,25,-9,6,1
11,26,-2,4,0
11,27,-4,8,0
11,28,-4,12,1
11,29,-9,3,1
11,30,-1,4,0
11,31,0,4,0
11,32,-4,8,1
11,33,-7,1,1
11,34,-3,4,1
11,35,-2,2,0
11,36,-4,6,1
11,37,-3,9,0
11,38,-4,13,0
11,39,-8,5,1
11,40,0,5,1
11,41,0,5,0
11,42,-4,9,1
11,43,-3,12,0
11,44,-3,15,0
11,45,-5,20,0
11,46,-8,12,1
11,47,-8,4,1
