step,system_total_running,system_total_backlogged,system_total_stopped,system_total_arrived,system_total_departed,system_total_teleported,system_total_waiting_time,system_mean_waiting_time,system_mean_speed,J5_stopped,J5_accumulated_waiting_time,J5_average_speed,agents_total_stopped,agents_total_accumulated_waiting_time
0.0,0,0,0,0,0,0,0.0,0.0,0.0,0,0.0,1.0,0,0.0
10.0,11,20,1,0,11,0,0.0,0.0,7.422033034161936,1,0.0,0.5740527268903215,1,0.0
20.0,24,55,4,1,25,0,12.0,0.5,6.5894249723256015,4,13.0,0.3968231137072339,4,13.0
30.0,35,83,11,6,41,0,53.0,1.5142857142857142,5.063951306306724,11,54.0,0.28830252182081606,11,54.0
40.0,44,106,20,13,57,0,186.0,4.2272727272727275,3.7672964797785427,20,189.0,0.16192352623875023,20,189.0
50.0,50,139,27,21,71,0,310.0,6.2,2.771385527683348,27,348.0,0.12941939128139324,27,348.0
60.0,55,161,39,27,82,0,628.0,11.418181818181818,2.3016622309829273,39,641.0,0.1027179314080211,39,641.0
70.0,64,184,41,32,96,0,932.0,14.5625,2.462890369516464,41,956.0,0.0796149505508932,41,956.0
80.0,62,203,45,41,103,0,1357.0,21.887096774193548,2.123122049604944,45,1371.0,0.072353738232771,45,1371.0
90.0,63,228,34,48,111,0,854.0,13.555555555555555,3.2035195108728467,34,1306.0,0.11259338749693709,34,1306.0
100.0,60,256,35,61,121,0,958.0,15.966666666666667,2.612057071577761,35,1258.0,0.09905555523493816,35,1258.0
110.0,65,289,39,68,133,0,1113.0,17.123076923076923,2.0901646236782976,39,1505.0,0.06249571008428184,39,1505.0
120.0,65,310,43,76,141,0,1469.0,22.6,2.2911135478501654,43,1819.0,0.08820260509081247,43,1819.0
130.0,67,344,46,83,150,0,1779.0,26.55223880597015,1.5435477029893632,46,2106.0,0.04584684111577191,46,2106.0
140.0,64,367,49,91,155,0,2207.0,34.484375,1.5754717648863303,49,2442.0,0.06923517578599996,49,2442.0
150.0,64,401,47,95,159,0,1701.0,26.578125,1.1290240422118707,47,2611.0,0.04902643870695356,47,2611.0
160.0,64,438,46,100,164,0,1506.0,23.53125,1.8439593143148532,46,2421.0,0.08708096012435852,46,2421.0
170.0,63,464,43,107,170,0,1803.0,28.61904761904762,2.384933480836579,43,2473.0,0.07614357424031844,43,2473.0
180.0,59,500,41,115,174,0,2143.0,36.32203389830509,2.3859887356568397,41,2820.0,0.0913492739020885,41,2820.0
190.0,59,535,38,122,181,0,2417.0,40.96610169491525,2.139330560491448,38,2807.0,0.077367580223328,38,2807.0
200.0,59,565,42,129,188,0,2813.0,47.67796610169491,2.2719560993577366,42,2934.0,0.09884109140370148,42,2934.0
210.0,60,596,40,136,196,0,3084.0,51.4,2.592269775088258,40,3229.0,0.09152307727022185,40,3229.0
220.0,57,630,38,146,203,0,3456.0,60.63157894736842,3.183761406155999,38,3530.0,0.14034627610463374,38,3530.0
230.0,56,656,33,155,211,0,2109.0,37.660714285714285,2.3699741578877926,33,3431.0,0.10239379721661941,33,3431.0
240.0,58,698,39,162,220,0,1853.0,31.948275862068964,2.3278588777434046,39,2748.0,0.09988676915922662,39,2748.0
250.0,60,725,42,169,229,0,2233.0,37.21666666666667,2.305355811478617,42,2495.0,0.0873303210404215,42,2495.0
260.0,62,750,40,176,238,0,1187.0,19.14516129032258,2.766034636217509,40,2055.0,0.09773206170471117,40,2055.0
270.0,62,783,43,186,248,0,1222.0,19.70967741935484,2.2500306459423194,43,1832.0,0.0871545197044791,43,1832.0
280.0,64,816,38,193,257,0,862.0,13.46875,2.1656526288597826,38,1907.0,0.08782695566141671,38,1907.0
290.0,68,833,44,200,268,0,1046.0,15.382352941176471,2.702246248529899,44,1834.0,0.10471199433332319,44,1834.0
300.0,69,863,43,209,278,0,712.0,10.318840579710145,2.3155432471809494,43,1841.0,0.0709688317807437,43,1841.0
310.0,68,890,43,218,286,0,907.0,13.338235294117647,2.9759332294040015,43,1873.0,0.11384714335107873,43,1873.0
320.0,65,920,48,229,294,0,1244.0,19.138461538461538,1.9884891043980024,48,2187.0,0.0755268496405942,48,2187.0
330.0,65,946,52,237,302,0,1720.0,26.46153846153846,1.8108785401561882,52,2561.0,0.08297302315419972,52,2561.0
340.0,68,978,36,242,310,0,1182.0,17.38235294117647,2.6523047339593195,36,2322.0,0.10867271749941233,36,2322.0
350.0,67,1016,37,251,318,0,1400.0,20.895522388059703,3.7268581583079587,37,2104.0,0.14467037287503817,37,2104.0
360.0,68,1046,42,264,332,0,1608.0,23.647058823529413,2.3086952108731658,42,2346.0,0.09933357170914756,42,2346.0
370.0,71,1075,51,273,344,0,2044.0,28.788732394366196,2.165289023256113,51,2720.0,0.08332013149500402,51,2720.0
380.0,72,1113,42,281,353,0,2196.0,30.5,2.3952170635354832,42,2903.0,0.0962396704864363,42,2903.0
390.0,73,1141,44,290,363,0,2550.0,34.93150684931507,2.934918307382963,44,3159.0,0.09549222911364076,44,3159.0
400.0,73,1164,42,302,375,0,2792.0,38.24657534246575,2.0706959519419126,42,3480.0,0.08019531678592196,42,3480.0
410.0,76,1184,55,309,385,0,3270.0,43.026315789473685,2.060836943553382,55,3880.0,0.07264712070093854,55,3880.0
420.0,74,1209,51,318,392,0,3664.0,49.513513513513516,1.6578565305621482,51,4319.0,0.05893481628924424,51,4319.0
430.0,78,1243,60,324,402,0,4221.0,54.11538461538461,1.9311542669634445,60,4829.0,0.05131058235258104,60,4829.0
440.0,76,1277,66,334,410,0,4844.0,63.73684210526316,1.2026918613248956,66,5452.0,0.0446641538759196,66,5452.0
450.0,76,1313,48,338,414,0,4014.0,52.81578947368421,2.329723173441009,48,5343.0,0.0775069820921374,48,5343.0
460.0,69,1347,40,350,419,0,3667.0,53.14492753623188,3.383825289261781,40,4835.0,0.12310776428496961,40,4835.0
470.0,63,1379,38,364,427,0,3621.0,57.476190476190474,1.9401997855495492,38,4950.0,0.08345297483361264,38,4950.0
480.0,64,1418,45,370,434,0,4038.0,63.09375,2.352995022368411,45,5359.0,0.08459790046742034,45,5359.0
490.0,64,1442,41,379,443,0,4070.0,63.59375,2.3882355510563475,41,5279.0,0.08894153183896494,41,5279.0
500.0,65,1462,43,389,454,0,4442.0,68.33846153846154,2.4316635238623654,43,5429.0,0.09243703322265061,43,5429.0
510.0,68,1483,34,396,464,0,1307.0,19.220588235294116,2.781993423354746,34,4073.0,0.10532903384918886,34,4073.0
520.0,63,1503,41,408,471,0,1046.0,16.603174603174605,2.690682682704867,41,2409.0,0.07990695292082774,41,2409.0
530.0,63,1543,48,418,481,0,1489.0,23.634920634920636,1.605076894322019,48,2006.0,0.07867585253847531,48,2006.0
540.0,67,1573,49,423,490,0,1550.0,23.134328358208954,1.2887761239504631,49,2381.0,0.0642358660429448,49,2381.0
550.0,70,1604,53,426,496,0,1942.0,27.742857142857144,1.9460241913275798,53,2626.0,0.07119692934598092,53,2626.0
560.0,71,1637,48,433,504,0,2295.0,32.32394366197183,2.3787697921106585,48,2990.0,0.07874581000855238,48,2990.0
570.0,68,1669,53,444,512,0,2793.0,41.0735294117647,2.100442423915598,53,3467.0,0.05979557051101123,53,3467.0
580.0,65,1696,50,453,518,0,3187.0,49.03076923076923,1.6155868893294294,50,3799.0,0.07553749646214997,50,3799.0
590.0,69,1716,52,457,526,0,3685.0,53.405797101449274,1.9901314020052416,52,4197.0,0.07087144721808028,52,4197.0
600.0,69,1754,50,466,535,0,4059.0,58.82608695652174,1.818244275411677,50,4590.0,0.0602797763671545,50,4590.0
610.0,68,1783,54,474,542,0,4568.0,67.17647058823529,1.6729166778061146,54,5081.0,0.061633108581114954,54,5081.0
620.0,67,1821,51,481,548,0,4964.0,74.08955223880596,1.5637032424134447,51,5546.0,0.07146023413206702,51,5546.0
630.0,71,1852,52,485,556,0,5445.0,76.69014084507042,1.8736591276498158,52,6016.0,0.06640854501518079,52,6016.0
640.0,72,1878,53,491,563,0,5834.0,81.02777777777777,1.6786459239492082,53,6443.0,0.04215552207171272,53,6443.0
650.0,67,1908,56,500,567,0,6368.0,95.04477611940298,1.3897676409353348,56,6944.0,0.040660828865889946,56,6944.0
660.0,66,1927,55,506,572,0,6899.0,104.53030303030303,1.4906814893910425,55,7486.0,0.061889255232815917,55,7486.0
670.0,67,1951,47,511,578,0,4775.0,71.26865671641791,1.2848552232138304,47,7292.0,0.04871374287335566,47,7292.0
680.0,68,1991,50,516,584,0,4060.0,59.705882352941174,2.001377696118763,50,6206.0,0.07401059629674185,50,6206.0
690.0,66,2028,50,524,590,0,4538.0,68.75757575757575,2.0552186829231456,50,4960.0,0.06713677004716634,50,4960.0
700.0,67,2066,41,531,598,0,2190.0,32.6865671641791,2.328635670141245,41,4144.0,0.08302172822586466,41,4144.0
710.0,64,2091,42,540,604,0,1479.0,23.109375,2.7961210991898695,42,3016.0,0.10899129608307756,42,3016.0
720.0,62,2119,42,550,612,0,1208.0,19.483870967741936,2.032146647508178,42,2515.0,0.08529744258604285,42,2515.0
730.0,61,2141,42,557,618,0,1166.0,19.114754098360656,1.9110933326731496,42,2176.0,0.06668473047181668,42,2176.0
740.0,63,2170,38,563,626,0,1107.0,17.571428571428573,1.55190988919925,38,2228.0,0.06960078058452102,38,2228.0
750.0,68,2194,38,568,636,0,1386.0,20.38235294117647,2.1303975663432717,38,2423.0,0.07737257885345737,38,2423.0
760.0,66,2227,35,576,642,0,1492.0,22.606060606060606,2.4278779131966313,35,2314.0,0.08632112460041806,35,2314.0
770.0,66,2269,46,585,651,0,1909.0,28.924242424242426,2.848805853939714,46,2650.0,0.07684320891751471,46,2650.0
780.0,60,2297,35,597,657,0,914.0,15.233333333333333,2.799353250422783,35,2361.0,0.12046444469851009,35,2361.0
790.0,60,2320,40,606,666,0,1047.0,17.45,2.258795691662648,40,1971.0,0.08991974940100264,40,1971.0
800.0,64,2344,42,612,676,0,1226.0,19.15625,1.7883990023920446,42,2197.0,0.05878180626133979,42,2197.0
810.0,64,2380,43,618,682,0,1482.0,23.15625,1.8194625838379284,43,2459.0,0.07099609239996173,43,2459.0
820.0,69,2403,40,624,693,0,1378.0,19.971014492753625,2.196280823482822,40,2626.0,0.10815225508669493,40,2626.0
830.0,74,2428,43,630,704,0,1725.0,23.31081081081081,2.627738854023907,43,2819.0,0.1042887160747199,43,2819.0
840.0,69,2459,42,641,710,0,952.0,13.797101449275363,2.0999092387490434,42,2777.0,0.07767185670378614,42,2777.0
850.0,69,2493,51,649,718,0,1166.0,16.89855072463768,2.2561830292888914,51,2219.0,0.08612147624926621,51,2219.0
860.0,70,2533,47,656,726,0,1516.0,21.65714285714286,2.2268048824719027,47,2441.0,0.0968420044248496,47,2441.0
870.0,68,2563,53,665,733,0,2017.0,29.66176470588235,1.76504392396862,53,2887.0,0.04550704512025534,53,2887.0
880.0,66,2595,60,674,740,0,2577.0,39.04545454545455,0.8778109141623222,60,3447.0,0.02851540659077955,60,3447.0
890.0,67,2639,51,677,744,0,2374.0,35.43283582089552,1.2400932332681054,51,3746.0,0.05997045393825433,51,3746.0
900.0,68,2675,47,681,749,0,2354.0,34.61764705882353,1.934651869938357,47,3551.0,0.07561203930267035,47,3551.0
910.0,68,2699,44,688,756,0,2701.0,39.720588235294116,2.4678964562655388,44,3765.0,0.09599422182010758,44,3765.0
920.0,65,2728,52,698,763,0,3170.0,48.76923076923077,1.554962468040078,52,4228.0,0.058503102520997066,52,4228.0
930.0,66,2752,56,703,769,0,3714.0,56.27272727272727,1.2738673877027653,56,4772.0,0.0422910873621742,56,4772.0
940.0,67,2792,61,707,774,0,4301.0,64.19402985074628,0.8668688223109919,61,5359.0,0.037375414895137876,61,5359.0
950.0,67,2822,45,710,777,0,3505.0,52.3134328358209,2.075848196291837,45,4961.0,0.07893844962950593,45,4961.0
960.0,62,2862,45,719,781,0,3663.0,59.08064516129032,2.199605461247589,45,4547.0,0.07360226584679604,45,4547.0
970.0,63,2886,43,727,790,0,3463.0,54.96825396825397,1.483791952715791,43,4746.0,0.07567420600697898,43,4746.0
980.0,66,2913,43,732,798,0,3452.0,52.303030303030305,2.102103032442616,43,4425.0,0.09341180245433335,43,4425.0
990.0,72,2959,33,738,810,0,1016.0,14.11111111111111,2.7398712470123336,33,3300.0,0.10596031869624427,33,3300.0
1000.0,72,2982,44,750,822,0,915.0,12.708333333333334,2.8486967543724537,44,2161.0,0.08673003848753039,44,2161.0
1010.0,71,3020,53,762,833,0,1407.0,19.816901408450704,1.3074455045377356,53,2000.0,0.04646602545520594,53,2000.0
1020.0,70,3055,62,767,837,0,1984.0,28.34285714285714,0.9611409805989232,62,2581.0,0.03136321360441782,62,2581.0
1030.0,69,3090,41,771,840,0,1327.0,19.231884057971016,2.4109506740570703,41,2460.0,0.08283719169822733,41,2460.0
1040.0,62,3126,37,782,844,0,1430.0,23.06451612903226,3.554638330914981,37,2163.0,0.1251223553132445,37,2163.0
1050.0,57,3163,36,795,852,0,1137.0,19.94736842105263,2.3163207089184774,36,2102.0,0.10120924672544866,36,2102.0
1060.0,56,3204,32,802,858,0,1096.0,19.571428571428573,3.4759939055492284,32,1878.0,0.14213813238094017,32,1878.0
1070.0,57,3228,27,812,869,0,1033.0,18.12280701754386,2.9434032091919864,27,1853.0,0.10252587950178212,27,1853.0
1080.0,56,3260,34,823,879,0,1325.0,23.660714285714285,2.999697895254161,34,2019.0,0.1252740748321159,34,2019.0
1090.0,56,3288,38,832,888,0,1683.0,30.053571428571427,2.7267903434855194,38,2356.0,0.0879166320863956,38,2356.0
1100.0,61,3307,41,840,901,0,1041.0,17.065573770491802,2.0769747029941756,41,1984.0,0.07984223338197886,41,1984.0
1110.0,67,3347,51,846,913,0,1184.0,17.671641791044777,1.6820923888397357,51,1899.0,0.08251323220606285,51,1899.0
1120.0,69,3378,48,851,920,0,1554.0,22.52173913043478,1.9670523977362435,48,2284.0,0.07333484594241312,48,2284.0
1130.0,70,3400,57,858,928,0,2076.0,29.65714285714286,1.7258608567391356,57,2791.0,0.040379655256844484,57,2791.0
1140.0,70,3413,45,865,935,0,1429.0,20.414285714285715,1.886646962598249,45,2734.0,0.062481994412267684,45,2734.0
1150.0,70,3455,49,872,942,0,1344.0,19.2,1.7095117119294363,49,2760.0,0.06991419529008773,49,2760.0
1160.0,71,3481,46,877,948,0,1320.0,18.591549295774648,1.741968740147134,46,2662.0,0.05542492193043015,46,2662.0
1170.0,70,3515,54,885,955,0,1637.0,23.385714285714286,1.8711733113806641,54,2824.0,0.058233100688689594,54,2824.0
1180.0,70,3542,46,892,962,0,1796.0,25.65714285714286,2.3364193554585433,46,3043.0,0.08505788751900498,46,3043.0
1190.0,70,3566,52,901,971,0,2239.0,31.985714285714284,1.770902531840388,52,3383.0,0.05699865215028191,52,3383.0
1200.0,70,3604,41,908,978,0,1326.0,18.942857142857143,2.462213887606369,41,3040.0,0.08627670047532172,41,3040.0
1210.0,66,3628,38,919,985,0,1099.0,16.651515151515152,3.434122772921241,38,2426.0,0.12806398915094974,38,2426.0
1220.0,59,3648,40,932,991,0,1220.0,20.677966101694917,1.083467420470493,40,2497.0,0.048696308897231685,40,2497.0
1230.0,62,3690,47,935,997,0,1561.0,25.177419354838708,1.54340618863086,47,2745.0,0.04900916734342678,47,2745.0
1240.0,60,3722,32,941,1001,0,942.0,15.7,1.754847317493682,32,2704.0,0.07179663823979611,32,2704.0
1250.0,64,3754,38,946,1010,0,816.0,12.75,2.7063475309420593,38,2242.0,0.10948570911460258,38,2242.0
1260.0,70,3769,50,953,1023,0,811.0,11.585714285714285,1.9360012717828294,50,2324.0,0.06159130695859656,50,2324.0
1270.0,70,3806,52,961,1031,0,1161.0,16.585714285714285,1.6828737589695808,52,2614.0,0.04668832766090119,52,2614.0
1280.0,71,3827,47,968,1039,0,1237.0,17.422535211267604,1.6109235198723688,47,2881.0,0.06648084480122307,47,2881.0
1290.0,72,3864,48,974,1046,0,1541.0,21.40277777777778,2.002605475171461,48,2994.0,0.0673909752871022,48,2994.0
1300.0,72,3885,52,982,1054,0,1880.0,26.11111111111111,1.6313373269594842,52,3260.0,0.049816110914159134,52,3260.0
1310.0,71,3923,58,989,1060,0,2397.0,33.76056338028169,1.116808802477436,58,3687.0,0.04272768787565351,58,3687.0
1320.0,74,3950,43,993,1067,0,1568.0,21.18918918918919,2.3236798564758403,43,3081.0,0.09531734413624138,43,3081.0
1330.0,71,3977,41,1004,1075,0,1355.0,19.08450704225352,3.3329864196695502,41,2585.0,0.1506042027468598,41,2585.0
1340.0,69,3999,44,1015,1084,0,1484.0,21.507246376811594,1.5870904026371921,44,2849.0,0.07217419363694236,44,2849.0
1350.0,73,4022,57,1021,1094,0,1897.0,25.986301369863014,1.5650620972429106,57,3072.0,0.04021703121992514,57,3072.0
1360.0,72,4055,47,1028,1100,0,1945.0,27.01388888888889,1.5052443716418888,47,3320.0,0.050951106374575936,47,3320.0
1370.0,72,4085,58,1035,1107,0,2399.0,33.31944444444444,1.6734614721046297,58,3610.0,0.057198337758368405,58,3610.0
1380.0,71,4110,50,1042,1113,0,2774.0,39.070422535211264,1.7293847790419155,50,3944.0,0.04703458074390513,50,3944.0
1390.0,70,4141,53,1049,1119,0,3242.0,46.31428571428572,1.4338994350048455,53,4379.0,0.04609264645539292,53,4379.0
1400.0,73,4171,42,1054,1127,0,1753.0,24.013698630136986,1.8899797156227645,42,3864.0,0.08262311595436432,42,3864.0
1410.0,74,4197,49,1061,1135,0,1177.0,15.905405405405405,1.9316212616193695,49,3062.0,0.06952056707681772,49,3062.0
1420.0,77,4216,44,1067,1144,0,927.0,12.03896103896104,2.2912622515172254,44,2702.0,0.0845632761871776,44,2702.0
1430.0,73,4249,45,1078,1151,0,1148.0,15.726027397260275,2.778745672455246,45,2433.0,0.11121167948561662,45,2433.0
1440.0,71,4278,40,1089,1160,0,754.0,10.619718309859154,2.361742813352548,40,2030.0,0.07390715435989943,40,2030.0
1450.0,68,4302,43,1099,1167,0,1051.0,15.455882352941176,2.635729810639221,43,2071.0,0.08936983056748155,43,2071.0
1460.0,68,4324,43,1109,1177,0,891.0,13.102941176470589,1.5001473122893436,43,2318.0,0.06486500977647827,43,2318.0
1470.0,73,4358,50,1114,1187,0,977.0,13.383561643835616,1.8590813011590017,50,2434.0,0.07187204424781722,50,2434.0
1480.0,78,4397,48,1119,1197,0,988.0,12.666666666666666,2.295104593158873,48,2361.0,0.04939414271919185,48,2361.0
1490.0,67,4427,49,1133,1200,0,1315.0,19.62686567164179,2.3362266025632255,49,2548.0,0.08013292556194389,49,2548.0
1500.0,63,4458,38,1141,1204,0,879.0,13.952380952380953,2.033074732081598,38,2352.0,0.07133254657711141,38,2352.0
1510.0,63,4484,41,1150,1213,0,1117.0,17.73015873015873,2.722933718105469,41,1962.0,0.11292046706722006,41,1962.0
1520.0,69,4496,44,1157,1226,0,1231.0,17.840579710144926,1.7226832881616907,44,2058.0,0.08384290772375619,44,2058.0
1530.0,74,4520,56,1162,1236,0,1599.0,21.60810810810811,1.6490139890311277,56,2216.0,0.03886987803389648,56,2216.0
1540.0,70,4545,48,1170,1240,0,1570.0,22.428571428571427,1.6684509175720723,48,2424.0,0.05714326485721806,48,2424.0
1550.0,70,4587,45,1176,1246,0,1880.0,26.857142857142858,3.087613042311878,45,2546.0,0.11987246530297839,45,2546.0
1560.0,61,4611,47,1189,1250,0,2341.0,38.377049180327866,2.2979858235119717,47,2867.0,0.053881538359705314,47,2867.0
1570.0,58,4638,31,1199,1257,0,1126.0,19.413793103448278,3.3119580008903253,31,2314.0,0.1401347093243707,31,2314.0
1580.0,57,4667,33,1209,1266,0,980.0,17.19298245614035,3.037186536976453,33,1772.0,0.10986626224694952,33,1772.0
1590.0,55,4696,42,1219,1274,0,1156.0,21.01818181818182,1.8908219358607294,42,1736.0,0.06969023988841463,42,1736.0
1600.0,58,4719,34,1225,1283,0,1024.0,17.655172413793103,2.2596667194844695,34,1617.0,0.11080624571561619,34,1617.0
1610.0,65,4747,44,1229,1294,0,1327.0,20.415384615384614,2.5254237650276,44,1674.0,0.07386172968994575,44,1674.0
1620.0,68,4774,41,1238,1306,0,1422.0,20.91176470588235,2.317390900204444,41,1798.0,0.09659205962207076,41,1798.0
1630.0,69,4803,43,1246,1315,0,1765.0,25.579710144927535,2.7877979267622015,43,1999.0,0.1177435693888961,43,1999.0
1640.0,69,4843,51,1255,1324,0,1261.0,18.27536231884058,0.9521863379893007,51,2146.0,0.04421536525717859,51,2146.0
1650.0,69,4874,55,1258,1327,0,1306.0,18.92753623188406,1.1685548889520483,55,2100.0,0.031527431014762734,55,2100.0
1660.0,68,4903,41,1263,1331,0,1304.0,19.176470588235293,2.047064939833085,41,2312.0,0.07738934737080287,41,2312.0
1670.0,67,4933,44,1271,1338,0,1731.0,25.83582089552239,2.7184205362182663,44,2443.0,0.09699520631952051,44,2443.0
1680.0,62,4971,47,1281,1343,0,2190.0,35.32258064516129,2.3483010825287876,47,2829.0,0.04282322763735481,47,2829.0
1690.0,58,5004,26,1292,1350,0,1013.0,17.46551724137931,3.2975550570237036,26,2515.0,0.14680178969383512,26,2515.0
1700.0,58,5032,30,1304,1362,0,1002.0,17.275862068965516,3.592886320721533,30,1967.0,0.14528161993872607,30,1967.0
1710.0,62,5056,35,1313,1375,0,903.0,14.564516129032258,1.5631448329789417,35,2074.0,0.07780602236334107,35,2074.0
1720.0,67,5089,53,1318,1385,0,1174.0,17.52238805970149,1.2321441027915576,53,2088.0,0.04777399320815921,53,2088.0
1730.0,71,5116,34,1323,1394,0,429.0,6.042253521126761,2.3112247652641535,34,1895.0,0.09434237367513336,34,1895.0
1740.0,75,5132,45,1331,1406,0,714.0,9.52,2.463553803926794,45,1781.0,0.08412876565209454,45,1781.0
1750.0,73,5153,43,1341,1414,0,781.0,10.698630136986301,2.4500341913090864,43,1898.0,0.0914775684624418,43,1898.0
1760.0,70,5179,41,1353,1423,0,1105.0,15.785714285714286,3.342428646342661,41,1991.0,0.12445709563826549,41,1991.0
1770.0,68,5208,49,1366,1434,0,1547.0,22.75,2.037066440506083,49,2365.0,0.07589388350952789,49,2365.0
1780.0,67,5259,40,1374,1441,0,992.0,14.805970149253731,2.515920709014258,40,2179.0,0.08375252188542749,40,2179.0
1790.0,65,5274,38,1384,1449,0,1168.0,17.96923076923077,3.63163361787662,38,1965.0,0.12750140534837898,38,1965.0
1800.0,62,5317,41,1397,1459,0,1456.0,23.483870967741936,2.2958582816537487,41,2278.0,0.09450871117309063,41,2278.0
1810.0,63,5338,50,1404,1467,0,1902.0,30.19047619047619,1.7423833189021982,50,2700.0,0.057233564389440744,50,2700.0
1820.0,65,5364,51,1410,1475,0,1358.0,20.892307692307693,1.0463925362342081,51,2707.0,0.04401031579727727,51,2707.0
1830.0,67,5400,46,1414,1481,0,1702.0,25.402985074626866,1.894900838279773,46,2736.0,0.09508581493391989,46,2736.0
1840.0,68,5435,44,1419,1487,0,1704.0,25.058823529411764,2.4241597013394833,44,2567.0,0.07996230732827045,44,2567.0
1850.0,64,5475,52,1429,1493,0,2167.0,33.859375,1.5629184834201129,52,3012.0,0.040244508553880724,52,3012.0
1860.0,61,5502,47,1436,1497,0,2535.0,41.557377049180324,1.3449308370953605,47,3096.0,0.05620076764837001,47,3096.0
1870.0,64,5541,48,1440,1504,0,2953.0,46.140625,1.524142674419505,48,3321.0,0.06697578645665801,48,3321.0
1880.0,67,5572,45,1444,1511,0,3314.0,49.46268656716418,2.2824615598671527,45,3697.0,0.06441154575767029,45,3697.0
1890.0,64,5604,53,1454,1518,0,3798.0,59.34375,1.8302208241614952,53,4171.0,0.06229387297094216,53,4171.0
1900.0,64,5643,45,1460,1524,0,4144.0,64.75,1.8745131800573684,45,4478.0,0.07206069371719313,45,4478.0
1910.0,64,5676,47,1466,1530,0,4550.0,71.09375,2.6245774320751267,47,4815.0,0.10620323351141096,47,4815.0
1920.0,65,5700,37,1473,1538,0,2802.0,43.10769230769231,2.855693875057923,37,4030.0,0.11367546573089994,37,4030.0
1930.0,64,5727,41,1483,1547,0,2704.0,42.25,2.6587300838020065,41,3526.0,0.10639012472478239,41,3526.0
1940.0,67,5751,35,1492,1559,0,2663.0,39.74626865671642,2.4665051871685764,35,3597.0,0.09976470432270589,35,3597.0
1950.0,64,5780,36,1501,1565,0,2976.0,46.5,3.5819015004712353,36,3760.0,0.12109193001682965,36,3760.0
1960.0,61,5817,43,1515,1576,0,3100.0,50.81967213114754,1.6368984283743084,43,3957.0,0.06773499949908221,43,3957.0
1970.0,63,5842,48,1520,1583,0,3523.0,55.92063492063492,1.4471517069608395,48,4305.0,0.06734013039168493,48,4305.0
1980.0,65,5867,46,1524,1589,0,2151.0,33.09230769230769,1.3712830149785051,46,3901.0,0.05190364048880569,46,3901.0
1990.0,68,5895,49,1529,1597,0,1268.0,18.647058823529413,1.725520223740573,49,3175.0,0.058116090976933876,49,3175.0
2000.0,72,5922,45,1535,1607,0,1015.0,14.097222222222221,2.1918362291767264,45,2260.0,0.0853863267825927,45,2260.0
2010.0,73,5949,50,1544,1617,0,1327.0,18.17808219178082,2.4222610326870706,50,2237.0,0.0643432167671774,50,2237.0
2020.0,69,5985,51,1554,1623,0,1717.0,24.884057971014492,1.6198302268947609,51,2470.0,0.04606546586647865,51,2470.0
2030.0,71,6018,55,1560,1631,0,2231.0,31.422535211267604,1.659275189026594,55,2508.0,0.05377782004493307,55,2508.0
2040.0,70,6060,48,1566,1636,0,1593.0,22.757142857142856,1.834110832554794,48,2541.0,0.06881057091710432,48,2541.0
2050.0,67,6083,46,1574,1641,0,1639.0,24.46268656716418,2.258204138799708,46,2377.0,0.09257611866830388,46,2377.0
2060.0,67,6110,38,1581,1648,0,1631.0,24.34328358208955,2.5856887964088773,38,2425.0,0.08699293827104118,38,2425.0
2070.0,64,6135,42,1592,1656,0,1943.0,30.359375,2.447072173015071,42,2597.0,0.1010029804947022,42,2597.0
2080.0,67,6173,43,1600,1667,0,1293.0,19.29850746268657,1.3999637390807276,43,2592.0,0.06760336050483079,43,2592.0
2090.0,72,6195,52,1604,1676,0,1037.0,14.402777777777779,1.8824766290613912,52,2286.0,0.059260835751487745,52,2286.0
2100.0,70,6226,39,1612,1682,0,666.0,9.514285714285714,2.176284684577761,39,2228.0,0.08101060010622887,39,2228.0
2110.0,74,6248,48,1619,1693,0,912.0,12.324324324324325,2.320132607344115,48,2333.0,0.07714549570054915,48,2333.0
2120.0,74,6287,46,1629,1703,0,935.0,12.635135135135135,2.020938083744086,46,2476.0,0.0697759516196091,46,2476.0
2130.0,74,6311,52,1638,1712,0,1362.0,18.405405405405407,2.7969260007519736,52,2707.0,0.07605842063555797,52,2707.0
2140.0,68,6330,45,1651,1719,0,1372.0,20.176470588235293,1.9377129333906762,45,2629.0,0.07449426776542674,45,2629.0
2150.0,68,6361,47,1659,1727,0,1675.0,24.63235294117647,2.257151087052133,47,2634.0,0.08515421430652181,47,2634.0
2160.0,70,6386,42,1666,1736,0,1921.0,27.442857142857143,2.619291806479571,42,2904.0,0.10484115163931414,42,2904.0
2170.0,70,6405,49,1676,1746,0,2369.0,33.84285714285714,2.2239331979417916,49,3274.0,0.07358520084764214,49,3274.0
2180.0,71,6433,49,1684,1755,0,2683.0,37.7887323943662,1.7742735682219084,49,3527.0,0.05711683719359331,49,3527.0
2190.0,70,6476,52,1691,1761,0,3147.0,44.957142857142856,2.016849855482748,52,3905.0,0.07169616605895052,52,3905.0
2200.0,71,6502,44,1698,1769,0,1881.0,26.492957746478872,2.0069700730973445,44,3332.0,0.06972495405652653,44,3332.0
2210.0,66,6534,42,1707,1773,0,1476.0,22.363636363636363,3.25414283283903,42,2546.0,0.12894769063289968,42,2546.0
2220.0,61,6563,38,1719,1780,0,1452.0,23.80327868852459,2.157761693015781,38,2606.0,0.08614054632243781,38,2606.0
2230.0,64,6589,47,1726,1790,0,1805.0,28.203125,1.5375684568834924,47,2860.0,0.05610755634119962,47,2860.0
2240.0,70,6617,45,1730,1800,0,1905.0,27.214285714285715,2.2921446214745522,45,3143.0,0.08871440132588929,45,3143.0
2250.0,70,6651,49,1738,1808,0,2312.0,33.02857142857143,2.2193209708762307,49,3394.0,0.06804333366746927,49,3394.0
2260.0,70,6685,44,1747,1817,0,2272.0,32.457142857142856,2.0326829088209575,44,3018.0,0.06293725831147226,44,3018.0
2270.0,67,6714,46,1757,1824,0,2539.0,37.8955223880597,2.735952203798851,46,2892.0,0.10235475208834582,46,2892.0
2280.0,64,6751,39,1766,1830,0,2546.0,39.78125,1.9805685359293446,39,3031.0,0.07989556407194087,39,3031.0
2290.0,67,6782,47,1773,1840,0,2910.0,43.43283582089552,2.4788834228373573,47,3231.0,0.08614580324725185,47,3231.0
2300.0,69,6812,45,1781,1850,0,2972.0,43.072463768115945,1.7715201401402936,45,3443.0,0.05736088288162522,45,3443.0
2310.0,70,6849,47,1788,1858,0,3341.0,47.72857142857143,2.6810977165327423,47,3684.0,0.10161424058273466,47,3684.0
2320.0,65,6878,40,1797,1862,0,1443.0,22.2,1.7907752697915835,40,3187.0,0.06554416098987594,40,3187.0
2330.0,62,6910,36,1805,1867,0,895.0,14.435483870967742,2.789194928213775,36,2214.0,0.10365795029053443,36,2214.0
2340.0,64,6947,31,1814,1878,0,672.0,10.5,3.3028282573999013,31,2029.0,0.14280884250238562,31,2029.0
2350.0,63,6978,37,1826,1889,0,990.0,15.714285714285714,3.602108810611072,37,2122.0,0.135657606194334,37,2122.0
2360.0,60,7018,38,1839,1899,0,1078.0,17.966666666666665,2.595296745577111,38,2285.0,0.10478221079240545,38,2285.0
2370.0,59,7056,42,1846,1905,0,1426.0,24.16949152542373,2.5186307087916204,42,2518.0,0.08023308123257361,42,2518.0
2380.0,58,7084,40,1855,1913,0,1692.0,29.17241379310345,2.3299912243267507,40,2801.0,0.10569322790988286,40,2801.0
2390.0,58,7111,41,1863,1921,0,2083.0,35.91379310344828,2.580311393478028,41,3177.0,0.06390320056467919,41,3177.0
2400.0,54,7146,32,1872,1926,0,1618.0,29.962962962962962,2.8314079258003573,32,2562.0,0.09510729587765705,32,2562.0
2410.0,53,7188,30,1880,1933,0,1713.0,32.320754716981135,3.53843046686079,30,2023.0,0.1505452352519063,30,2023.0
2420.0,56,7208,31,1888,1944,0,850.0,15.178571428571429,2.8317416571799194,31,1641.0,0.11444235786439788,31,1641.0
2430.0,58,7234,38,1898,1956,0,840.0,14.482758620689655,2.187287862697976,38,1486.0,0.08225080828264614,38,1486.0
2440.0,63,7270,45,1904,1967,0,814.0,12.920634920634921,2.0374776412393456,45,1671.0,0.08607439742308041,45,1671.0
2450.0,66,7300,49,1910,1976,0,950.0,14.393939393939394,1.3812046612455222,49,1867.0,0.06232936808490114,49,1867.0
2460.0,73,7328,45,1914,1987,0,1013.0,13.876712328767123,1.7007567265842198,45,2029.0,0.07036539896425452,45,2029.0
2470.0,75,7357,57,1919,1994,0,1289.0,17.186666666666667,1.6667891263268726,57,2272.0,0.046608816105573686,57,2272.0
2480.0,71,7405,53,1926,1997,0,1707.0,24.04225352112676,1.5202336176329965,53,2641.0,0.032627854415047716,53,2641.0
2490.0,70,7433,56,1934,2004,0,2192.0,31.314285714285713,1.3740363764871393,56,2926.0,0.0736998803976403,56,2926.0
2500.0,75,7454,53,1938,2013,0,2567.0,34.22666666666667,1.7382666475854898,53,3279.0,0.06698635660024202,53,3279.0
2510.0,77,7480,60,1945,2022,0,3117.0,40.48051948051948,1.9940321822287825,60,3732.0,0.051610783010456185,60,3732.0
2520.0,72,7509,50,1955,2027,0,2609.0,36.236111111111114,1.8632484155742337,50,3514.0,0.06360689263443854,50,3514.0
2530.0,72,7530,48,1964,2036,0,2847.0,39.541666666666664,2.5976408480210527,48,3311.0,0.08923775122561023,48,3311.0
2540.0,70,7548,40,1974,2044,0,1344.0,19.2,2.517037211593069,40,2924.0,0.09591899783413829,40,2924.0
2550.0,68,7581,41,1982,2050,0,956.0,14.058823529411764,3.388583863679955,41,2210.0,0.11344762349823391,41,2210.0
2560.0,65,7611,46,1995,2060,0,965.0,14.846153846153847,1.608149973167923,46,2209.0,0.07051791917132051,46,2209.0
2570.0,68,7641,51,2000,2068,0,1087.0,15.985294117647058,1.6007777888316013,51,2367.0,0.06898233062261376,51,2367.0
2580.0,72,7675,48,2005,2077,0,1366.0,18.97222222222222,1.9396457854612852,48,2165.0,0.07613243655904776,48,2165.0
2590.0,71,7708,50,2014,2085,0,1838.0,25.887323943661972,2.741742876499767,50,2371.0,0.07959026265480981,50,2371.0
2600.0,67,7743,50,2025,2092,0,2337.0,34.88059701492537,2.1596893927202103,50,2853.0,0.06761840523282157,50,2853.0
2610.0,67,7774,36,2033,2100,0,1373.0,20.492537313432837,2.8569176273377432,36,2457.0,0.1266531095162346,36,2457.0
2620.0,68,7800,41,2043,2111,0,1380.0,20.294117647058822,2.8250601220742975,41,2124.0,0.09853131749050541,41,2124.0
2630.0,67,7833,41,2053,2120,0,1359.0,20.28358208955224,2.0319746776518164,41,2243.0,0.09307819351250782,41,2243.0
2640.0,69,7866,48,2060,2129,0,1698.0,24.608695652173914,2.4972326566428613,48,2321.0,0.09876570136295888,48,2321.0
2650.0,70,7899,46,2069,2139,0,1983.0,28.32857142857143,1.9492025068729602,46,2471.0,0.07212266598381491,46,2471.0
2660.0,71,7925,55,2076,2147,0,2479.0,34.91549295774648,1.6140059528218702,55,2878.0,0.051679135890531185,55,2878.0
2670.0,73,7956,60,2082,2155,0,3048.0,41.75342465753425,1.2907275393143942,60,3427.0,0.037651981427884514,60,3427.0
2680.0,71,7992,41,2087,2158,0,2579.0,36.32394366197183,2.451395657863599,41,3507.0,0.08845739248768404,41,3507.0
2690.0,67,8018,38,2099,2166,0,2676.0,39.940298507462686,3.385499546102688,38,3361.0,0.11997630468819165,38,3361.0
2700.0,64,8043,36,2112,2176,0,1284.0,20.0625,2.0700808327035416,36,3058.0,0.0941191740715913,36,3058.0
2710.0,65,8073,37,2119,2184,0,1001.0,15.4,2.9939738537880025,37,2034.0,0.0987572813043947,37,2034.0
2720.0,63,8098,46,2130,2193,0,1411.0,22.396825396825395,2.536254676234589,46,1727.0,0.08191601138147024,46,1727.0
2730.0,61,8127,42,2139,2200,0,1187.0,19.459016393442624,1.4229353548024277,42,1913.0,0.07008835378979703,42,1913.0
2740.0,62,8170,45,2144,2206,0,1251.0,20.177419354838708,1.7338658114462948,45,1941.0,0.0704031925848416,45,1941.0
2750.0,68,8190,32,2149,2217,0,609.0,8.955882352941176,3.0716582253986577,32,1744.0,0.12186474663306658,32,1744.0
2760.0,68,8222,39,2161,2229,0,778.0,11.441176470588236,3.0737458507449618,39,1603.0,0.1080725961323781,39,1603.0
2770.0,71,8244,49,2172,2243,0,1056.0,14.873239436619718,1.477824299095167,49,1762.0,0.05413717213515575,49,1762.0
2780.0,75,8271,56,2177,2252,0,1572.0,20.96,2.2477407667404536,56,2234.0,0.07935270680058219,56,2234.0
2790.0,72,8303,49,2185,2257,0,1182.0,16.416666666666668,1.9387360567964262,49,2208.0,0.05445112523942701,49,2208.0
2800.0,69,8334,48,2194,2263,0,1324.0,19.18840579710145,2.6098870392850846,48,2220.0,0.09344531328734519,48,2220.0
2810.0,66,8369,45,2203,2269,0,1190.0,18.03030303030303,1.4158978481322975,45,2221.0,0.05507044478694158,45,2221.0
2820.0,64,8407,46,2209,2273,0,1201.0,18.765625,1.9104752968003282,46,2089.0,0.060820658594166695,46,2089.0
2830.0,63,8439,49,2216,2279,0,1667.0,26.46031746031746,1.5856249596790386,49,2058.0,0.05207138551253864,49,2058.0
2840.0,66,8468,36,2221,2287,0,1360.0,20.606060606060606,2.808077564130548,36,2046.0,0.11162861818151718,36,2046.0
2850.0,63,8495,37,2232,2295,0,1431.0,22.714285714285715,2.7108198876767315,37,2007.0,0.10971835454933394,37,2007.0
2860.0,65,8526,34,2240,2305,0,1422.0,21.876923076923077,2.7130404334932985,34,1999.0,0.09566638462170654,34,1999.0
2870.0,64,8553,38,2251,2315,0,1678.0,26.21875,2.815741655976293,38,2106.0,0.12481976228894646,38,2106.0
2880.0,64,8587,49,2260,2324,0,2091.0,32.671875,1.9651306576628884,49,2453.0,0.052292384515345534,49,2453.0
2890.0,62,8616,39,2268,2330,0,1241.0,20.016129032258064,2.5613113784596493,39,1997.0,0.0751322497346293,39,1997.0
2900.0,60,8654,37,2278,2338,0,1143.0,19.05,2.497847685827352,37,1831.0,0.11758389028269871,37,1831.0
2910.0,61,8681,42,2284,2345,0,1538.0,25.21311475409836,2.5713189845515045,42,1877.0,0.08126868589118258,42,1877.0
2920.0,64,8719,39,2292,2356,0,1411.0,22.046875,1.9702792165924528,39,1940.0,0.08858282505256307,39,1940.0
2930.0,68,8741,47,2298,2366,0,1749.0,25.720588235294116,1.1801531762991209,47,2227.0,0.05073544530845532,47,2227.0
2940.0,74,8770,49,2301,2375,0,2081.0,28.12162162162162,2.3059279171550497,49,2492.0,0.0749238941842154,49,2492.0
2950.0,70,8796,55,2311,2381,0,2603.0,37.18571428571428,1.9367455442316226,55,2978.0,0.03997741828134343,55,2978.0
2960.0,64,8829,54,2322,2386,0,3142.0,49.09375,1.6274967213283364,54,3523.0,0.05397568230302007,54,3523.0
2970.0,67,8857,50,2326,2393,0,3439.0,51.32835820895522,1.4173076611338584,50,3895.0,0.06537435343336281,50,3895.0
2980.0,71,8891,51,2329,2400,0,3913.0,55.11267605633803,2.3205333882801824,51,4190.0,0.07784457884215391,51,4190.0
2990.0,69,8919,47,2338,2407,0,3279.0,47.52173913043478,1.9456315286358714,47,4156.0,0.07579890899810546,47,4156.0
3000.0,71,8948,48,2346,2417,0,3268.0,46.028169014084504,2.2913815499398678,48,3912.0,0.10295551200015363,48,3912.0
3010.0,73,8979,41,2354,2427,0,3304.0,45.26027397260274,2.3849442214419536,41,4059.0,0.08358814935313304,41,4059.0
3020.0,69,9006,46,2365,2434,0,3706.0,53.710144927536234,2.520408101274636,46,4316.0,0.07374205420165114,46,4316.0
3030.0,68,9032,39,2375,2443,0,3704.0,54.470588235294116,1.747907651167195,39,4364.0,0.07348104122085339,39,4364.0
3040.0,69,9068,47,2380,2449,0,4044.0,58.608695652173914,2.1912050610261784,47,4620.0,0.07228348047735896,47,4620.0
3050.0,74,9089,47,2387,2461,0,2000.0,27.027027027027028,1.5182452725026814,47,4445.0,0.06965586416438033,47,4445.0
3060.0,75,9117,56,2393,2468,0,1108.0,14.773333333333333,1.5686955862490408,56,2724.0,0.043585781526227524,56,2724.0
3070.0,73,9152,50,2401,2474,0,1445.0,19.794520547945204,1.938016257064047,50,2714.0,0.07307012995688898,50,2714.0
3080.0,72,9187,54,2409,2481,0,1948.0,27.055555555555557,1.8798317333849752,54,3103.0,0.05929295728225499,54,3103.0
3090.0,72,9226,43,2416,2488,0,1452.0,20.166666666666668,2.4158522127480464,43,2662.0,0.07839886018485778,43,2662.0
3100.0,67,9264,40,2429,2496,0,1434.0,21.402985074626866,3.6611750287732985,40,2506.0,0.16090272934797173,40,2506.0
3110.0,64,9302,36,2442,2506,0,1645.0,25.703125,2.745472725116791,36,2638.0,0.12847790232024794,36,2638.0
3120.0,69,9319,47,2449,2518,0,2053.0,29.753623188405797,2.403699835417126,47,2971.0,0.09000146495970375,47,2971.0
3130.0,69,9348,42,2458,2527,0,1261.0,18.27536231884058,2.920614417752469,42,2812.0,0.09924031320018113,42,2812.0
3140.0,67,9381,47,2471,2538,0,1359.0,20.28358208955224,2.2480349589153046,47,2582.0,0.08011437901900118,47,2582.0
3150.0,68,9414,43,2480,2548,0,1331.0,19.573529411764707,1.8068109734110163,43,2539.0,0.07530911410188604,43,2539.0
3160.0,70,9447,45,2487,2557,0,1652.0,23.6,2.5894596814533983,45,2679.0,0.11773612751465627,45,2679.0
3170.0,71,9474,51,2495,2566,0,1177.0,16.577464788732396,1.1931297639503515,51,2612.0,0.0453575576552376,51,2612.0
3180.0,73,9506,53,2501,2574,0,1012.0,13.863013698630137,1.584368785801385,53,2237.0,0.05714250412788156,53,2237.0
3190.0,74,9534,37,2507,2581,0,785.0,10.608108108108109,2.3726061423695226,37,1942.0,0.08401830380065838,37,1942.0
3200.0,71,9557,48,2518,2589,0,1149.0,16.183098591549296,2.5912123485722076,48,1921.0,0.06271228546180498,48,1921.0
3210.0,65,9597,48,2530,2595,0,1475.0,22.692307692307693,1.6990386053803472,48,2184.0,0.05088895679557497,48,2184.0
3220.0,65,9630,48,2536,2601,0,1906.0,29.323076923076922,1.7440200856622574,48,2208.0,0.06342929344587304,48,2208.0
3230.0,66,9653,40,2542,2608,0,1499.0,22.71212121212121,2.2532398246088334,40,2219.0,0.09776698191712183,40,2219.0
3240.0,68,9682,40,2551,2619,0,1550.0,22.794117647058822,3.013325055392979,40,2110.0,0.12941200438113423,40,2110.0
3250.0,64,9707,44,2562,2626,0,1848.0,28.875,2.0211868493899923,44,2297.0,0.07703899210067794,44,2297.0
3260.0,62,9735,47,2569,2631,0,2283.0,36.82258064516129,2.0585335451162257,47,2664.0,0.07267441310334082,47,2664.0
3270.0,63,9768,52,2576,2639,0,2777.0,44.07936507936508,1.4219926718555032,52,3137.0,0.05285320410651034,52,3137.0
3280.0,67,9789,41,2581,2648,0,1705.0,25.44776119402985,2.118189103275903,41,2789.0,0.08332970626783473,41,2789.0
3290.0,68,9838,46,2587,2655,0,1861.0,27.36764705882353,2.4196966034068192,46,2626.0,0.09564015746776264,46,2626.0
3300.0,73,9863,59,2593,2666,0,2378.0,32.57534246575342,1.7855105436570802,59,2793.0,0.04800027064562469,59,2793.0
3310.0,73,9889,52,2601,2674,0,2695.0,36.917808219178085,1.8250175080403457,52,3180.0,0.07143985686598134,52,3180.0
3320.0,74,9915,55,2608,2682,0,3202.0,43.270270270270274,2.291009253891481,55,3619.0,0.08023034445463899,55,3619.0
3330.0,73,9944,59,2617,2690,0,3766.0,51.58904109589041,1.700958676274468,59,4183.0,0.05841525686806705,59,4183.0
3340.0,74,9974,51,2624,2698,0,3251.0,43.932432432432435,1.8670795926559849,51,4031.0,0.07276387910532606,51,4031.0
3350.0,72,10011,45,2631,2703,0,3216.0,44.666666666666664,3.341276223717022,45,3815.0,0.12545687202348924,45,3815.0
3360.0,64,10043,38,2646,2710,0,3066.0,47.90625,2.5737537902588676,38,3704.0,0.10570916096832426,38,3704.0
3370.0,66,10065,44,2654,2720,0,3375.0,51.13636363636363,2.778771710514434,44,3827.0,0.10627148492181243,44,3827.0
3380.0,68,10099,34,2664,2732,0,3515.0,51.69117647058823,3.032668802070277,34,3720.0,0.12781957985295728,34,3720.0
3390.0,68,10125,43,2675,2743,0,3891.0,57.220588235294116,3.052014932626281,43,3993.0,0.1119226999301661,43,3993.0
3400.0,67,10151,41,2687,2754,0,3976.0,59.343283582089555,2.408455534590964,41,4218.0,0.08571702493654602,41,4218.0
3410.0,66,10180,49,2695,2761,0,4428.0,67.0909090909091,2.0844385226285143,49,4546.0,0.07889329682027114,49,4546.0
3420.0,66,10202,31,2702,2768,0,4234.0,64.15151515151516,2.856142797679872,31,4588.0,0.1161720518773671,31,4588.0
3430.0,67,10243,39,2712,2779,0,4549.0,67.8955223880597,3.0495118014914198,39,4654.0,0.11522504377459698,39,4654.0
3440.0,66,10276,34,2724,2790,0,1609.0,24.37878787878788,3.215720801291322,34,3572.0,0.11191873152220948,34,3572.0
3450.0,66,10306,42,2736,2802,0,758.0,11.484848484848484,2.8761177177302177,42,1805.0,0.11425029978866942,42,1805.0
3460.0,68,10327,34,2746,2814,0,521.0,7.661764705882353,2.657158109664074,34,1684.0,0.1069493381315797,34,1684.0
3470.0,71,10343,38,2756,2827,0,755.0,10.633802816901408,3.9417664831478163,38,1681.0,0.15732051179732384,38,1681.0
3480.0,69,10370,32,2770,2839,0,745.0,10.797101449275363,2.36044257353611,32,1022.0,0.0867064029650305,32,1022.0
3490.0,69,10402,44,2779,2848,0,1130.0,16.3768115942029,2.8029052628172733,44,1321.0,0.0872769619182228,44,1321.0
3500.0,69,10419,52,2791,2860,0,1569.0,22.73913043478261,2.369623461741159,52,1770.0,0.0754343503790398,52,1770.0
3510.0,66,10454,46,2801,2867,0,1200.0,18.181818181818183,1.3671504923717814,46,1969.0,0.0572123250576925,46,1969.0
3520.0,67,10483,51,2805,2872,0,1535.0,22.91044776119403,1.4518351791761528,51,2097.0,0.04721753716630445,51,2097.0
3530.0,67,10512,39,2810,2877,0,1196.0,17.850746268656717,2.2802033676481415,39,2130.0,0.09104540300535437,39,2130.0
3540.0,67,10536,44,2819,2886,0,1392.0,20.776119402985074,2.397552436705785,44,2104.0,0.09948576775234465,44,2104.0
3550.0,67,10567,39,2826,2893,0,1400.0,20.895522388059703,2.7132505803011284,39,2215.0,0.09174741380925792,39,2215.0
3560.0,65,10595,48,2836,2901,0,1812.0,27.876923076923077,2.035355545259431,48,2549.0,0.06545383862847491,48,2549.0
3570.0,66,10630,45,2843,2909,0,1855.0,28.106060606060606,1.9755095305557546,45,2630.0,0.08222222350337864,45,2630.0
3580.0,66,10666,45,2850,2916,0,2134.0,32.333333333333336,2.116124797359444,45,2683.0,0.07573404685810864,45,2683.0
3590.0,69,10701,49,2858,2927,0,2450.0,35.507246376811594,1.724643025901291,49,3018.0,0.0537969436354124,49,3018.0
3600.0,68,10735,53,2865,2933,0,2961.0,43.544117647058826,1.1859524391632659,53,3492.0,0.051839927680976644,53,3492.0
